,Date,Text
0,2020-03-30 21:26:10+00:00,ุญููุชุง ุงู ูุฑูุณ ุฑู ุฏุฑ ุขุฒูุงุดฺฏุงู ุนูู ุจุดุฑ ุณุงุฎุชู! ุงูุง ูู ุฏุฑ ุขุฒูุงุดฺฏุงู ุงูุฑฺฉุงุง ูู ุขุฒูุงุดฺฏุงู ฺฉูฺฉุดุงู/ุงูุงู ุชูุณุท ุชูุงู ููุฌูุฏุงุช ุฌูุงู ูููุง ุงูุณุงู ุจุฑ ุนูู ุงูุณุงู ู ูููโ ุจูุงุฏูุง ุณุงุฎุชู ุดุฏู ุชูุณุท ุงู . ุงูุงู ููุท ุขุฏูุง ูุงุฑุงุถโุงู ู ฺฏุฑูู ุจุงู ุฌุงูุฏุงุฑุงู ฺฉู ุฎู ุฎูุดุญุงูู! #ฺฉุฑููุง
1,2020-03-30 19:22:48+00:00,ูุฑุถ ุชุตุงุฏู ฺฉู ุจู ุทูุฑ ฺฉุงููุง ุงุชูุงู ุถุงุนุงุช ูุณุน ูุดฺฉูฺฉ ุจู #ฺฉุฑููุง ุฏุฑ ุจุฎุด ุงุฒ ุฑู ฺฉู ุฏุฑ ุนฺฉุณ ฺฉุชู ุงู ุงูุชุงุฏู ูุดุฎุต ุดุฏูุ ุงู ุนู ูุง ูู ุงฺฉููู ฺฉู ูุงูู ุจ ุนูุงูุช ุฏุงุฑู ฺฉู ุฏุฑ ุณุทุญ ุดูุฑ ูุฑูุณ ูพุฎุด ูฺฉููุฏ. ุฎูุงูุด ูฺฉูู: #ุณุฒุฏู_ุจุฏุฑ_ุฎุงูู_ุจูุงูู pic.twitter.com/RzTvzd3sDt
2,2020-03-30 15:44:05+00:00,Everything we said was done We said for knowing and writing #restart_opposition #MIGA #Sufism_Awakening #ูุฑูุณ_ุนุฑูุงู_ฺฉุฑููุง
3,2020-03-30 11:11:24+00:00,ุจูุงุจุฑุงู ูโุชูุงู ฺฏูุช ฺฉู ุถุฑุจ ุฌูุด ุงู ูุฑูุณ ุฏุฑ ุญุฏ ุงุณุช ฺฉู ูโุชูุงู ุจุฑุง #ฺฉููุฏ_ฑน ฺฉ ูุงฺฉุณู ุณุงุฎุช ู ูุงุฒ ูุณุช ูุซู ุขููููุงูุฒุง ูุฑ ุณุงู ุจุฑุง ฺฏูููโูุง ุฌุฏุฏ ุขู ูุงฺฉุณู ุฌุฏุงฺฏุงููโุง ุณุงุฎุชู ุดูุฏ. ุญุฏุณ ุฒุฏู ูโุดูุฏ ฺฉู ูุงฺฉุณู ฺฉุฑููุง ุดุจู ุณุฑุฎฺฉ ุง ุขุจูู ุจุงุดุฏ ู ุงูู ุทููุงูโูุฏุช ู ุญุช ูุงุฏุงูโุงูุนูุฑ ุงุฌุงุฏ ฺฉูุฏ./ต
4,2020-03-30 08:27:11+00:00,#ุตุญูู_ุณุฌุงุฏู ุฏุนุง ุฏูู ุตุญูู ุณุฌุงุฏู ุจุฎูุงูู ุจุฑุง ุฑูุน ุจูุง ู ุฑูุง ุงุฒ ุดุฑ ูุฑูุณ ฺฉุฑููุง ุงู ุดุงุกุงููู. 
5,2020-03-29 20:36:39+00:00,ูุถุนุช ุงุณููุงฺฉ ุจโุฎุงููุงูโูุง ุขูุฑฺฉุง ุจุง ุดูุน ูุฑูุณ ฺฉุฑููุง #ุณุฑุงุจ_ุบุฑุจ
6,2020-03-29 20:14:07+00:00,COVID-19 You Can Stop It Stay at home #coronavรญrus #corona #covid_19 #covid19 #virus #covid #ฺฉุฑููุง #ฺฉุฑููุง_ูุฑูุณ #ูุฑูุณ #ูุฑูุทูู #stayhome #stayathome #staystrong #thankful #lockdown #quarantine #italy #usa #iran
7,2020-03-29 13:38:45+00:00,zarif you have a brief grief about sanctions.๐๐๐ #planB #ูุฑูุณ_ุนุฑูุงู_ฺฉุฑููุง 
8,2020-03-29 11:19:28+00:00,ยซูุงฺฉู ุฌููุฒยป ููุณูุฏู ู ูพฺููุดฺฏุฑ ุขูุฑฺฉุง: ฺฉุฑููุง ฺฉ ุณูุงุญ ุจูููฺฺฉ ุงุณุช ฺฉู ุงุฒ ฺฉ ุญููู ูุงฺุงู ุงุฌุงุฏ ุดุฏูุ ฺฉู ุดุงูู ูููพฺฏ ฺฉุงูุงุฏุงุ ุฏุงูุดฺฏุงู ูุงุฑูุงุฑุฏ ุขูุฑฺฉุง ู ูููุงู ุฏุฑ ฺู ุงุณุช. ุชุง ุฒูุงู ุฑูุดู ุดุฏู ููุดุง ุงุตู ุงู ูุฑูุณุ ุงุฑุงู ุจุงุฏุจู ูุฑฺฏููู ูพุดููุงุฏ ฺฉูฺฉโุงุฒ ุณูโุงูุฑฺฉุง ุจุณุงุฑ ูุธููู ู ูุดฺฉูฺฉ ุจุงุดุฏ. 
9,2020-03-28 16:41:41+00:00,#restart_opposition #RestartMIGA #PlanB #irancorona #Corona #COVID19 #ูุฑูุณ_ุนุฑูุงู_ฺฉุฑููุง #ChineseVirus The result of opposition news censorship of the #Restart #miga #maga
10,2020-03-27 15:12:20+00:00,"Based on @IranIntl clinical and hospital sources, the death toll now stands at 4721."
11,2020-03-27 11:40:56+00:00,ููุงูุฑุงู ุงุฑุฏุจู ุฑุจุงุช ุฏุฑ ุฑุงุณุชุง ูพุดฺฏุฑ ุงุฒ ูุฑูุณ ฺฉุฑููุง ู ุฎุฏูุงุช ุฏู ุฏุฑ ุจูุงุฑุณุชุงู ูุง ุณุงุฎุชู ู ุจู ุชููุฏ ุงูุจูู ุฎูุงูุฏ ุฑุณุฏ. #ุงุฑุงู_ูู
12,2020-03-27 09:54:51+00:00,ุงฺฏุฑ ุจุฎูุงูู #ฺฉุฑููุง ุฏุฑ ุชูุฑุงู ุฑุง ฺฉูุชุฑู ฺฉูู ุจุงุฏ ุญูู ูููู ุนููู ุฑุง ุชุนุทู ฺฉุฑุฏู ู ุง ุธุฑูุช ุขู ุฑุง ฺฉุงูุด ุฏูู ู ุชููุง ุจู ุดุจฺฉู ุญูู ูููู ุงุถุทุฑุงุฑ ุงฺฉุชูุง ฺฉูู. ุณุณุชู ุชููู ูุทุงุฑ ูุชุฑู ูุชูุฑฺฉุฒ ุงุณุชุุนู ููุง ุฏุงุฎู ูุงฺฏูโูุง ุฑุง ฺฏุฑุฏุด ูโุฏูุฏ ู ุงฺฏุฑ ฺฉ ูุฑุฏ ุจูุงุฑ ุง ูุงูู ุฏุฑ ูุทุงุฑ ุจุงุดุฏ ูุฑูุณ ูพุฎุด ูโุดูุฏ.
13,2020-03-27 04:52:48+00:00,ฺฉุงุฑฺฉุงุชูุฑ ุงูุนุฑุจ ุงูุฌุฏุฏ ุงุฒ ฺฉ ุดูุฑููุฏ ุณูุฑ ฺฉู ุฏุฑ ูุญุงุตุฑู ณ ูุฑูุณ ุฌูฺฏุ ููุฑ ู #ฺฉุฑููุง ูุฑุงุฑ ฺฏุฑูุชู ุงุณุช 
14,2020-03-26 23:00:14+00:00,2016 Olympics vs 2020 #Corona_Olympics ๐ฅ๐ฅ๐ฅ #ูุฑููุง #ฺฉุฑููุง_ูุฑูุณ #ูุฑูุณโฺฉุฑููุง #ูุฑูุณ_ฺฉุฑููุง #Corona #Coronavirus #CoronaVillains #COVID2019 #COVID19 #Italy #USa #China
15,2020-03-25 11:48:55+00:00,We don't ask them for help as long as the American people are suspicious of themselves #islamic_Republic_of_iran #ูุง_ฺฉุฑููุง_ุฑุง_ุดฺฉุณุช_ูุฏูู #ฺฉุฑููุง #ฺฉุฑููุง_ูุฑูุณ
16,2020-03-25 07:52:18+00:00,"They are only good to the extent that society allows them. I prove to you that when these famines come, these civilized people will eat each other. #Europe #USA #Absurd_culture #COVID19 #coronavirus #ฺฉุฑููุง_ูุฑูุณ #ูุฑููุง "
17,2020-03-24 15:12:38+00:00,"@Olympics have been postponed. Inevitable, sure. But still a huge move four months out. Best for the athletes. #ุชุนูู_ุงูููพฺฉ #ฺฉุฑููุง #ูุฑูุณ_ฺู"
18,2020-03-24 04:22:05+00:00,Iran IRGC expels Doctors Without Borders group
19,2020-03-23 09:29:13+00:00,ุจู ุดุฏุช ุนูุงูููุฏู ุจุฏููู ุญุงู ุงูู ุฏูุณุชุงู ฺฉู ุฑูุชู ุจูุฏู ุญุฑู ุฑู ูุณ ุฒุฏู ุจูุฏู ฺุทูุฑูุ! #ฺฉุฑููุง_ูุฑูุณ #COVIDใผ19
20,2020-03-30 12:52:13+00:00,ููุด ู ูู ูฺฏู ุงู ูุฑูุณ ุฑู ฺฉุฌุง ุฏุฏู ูฺฏู ู ุนูุฑ ุชู ุฎููู ุฎูุฏููู ุจูุฏู๐ ููุท ููุฏููู ุญุงูุง ุงูู ุงุฒ ุฑู ุงูู ุณุงุฎุชู ุง ุงููู ุงุฒ ุฑู ุงู #ูุฑูุณ_ฺฉุฑููุง 
21,2020-03-30 12:23:53+00:00,#ุฎุจุฑ_ููู ุจูุดุฑุง ุงุณุฏ ุฎูุงูุฑ ุงุณุฏ ููฺฏ ุฏุฑุงุฒ ูู ุจู ูุฑูุณ ฺฉุฑููุง ุขููุฏู ุดุฏ. ููุจุน : ุฏูุดู ุฏุงุช ฺฉุงู #ุณูุฑู
22,2020-03-30 12:22:22+00:00,โญ๏ธ ุงูุฑุชฺฏุงุณ: ุฌูููุฑ ุงุณูุงู ฺฉุณุงู ุฑุง ฺฉู ุฏุฑุจุงุฑู ฺฉุฑููุง ุงุทูุงุนโุฑุณุงู ูโฺฉููุฏุ ุจุงุฒุฏุงุดุช ฺฉุฑุฏู ุงุณุช ูุฒุงุฑุช ุฎุงุฑุฌู ุขูุฑฺฉุง ุจู ุฑุงุฏู ูุฑุฏุง ูโฺฏูุฏ ุฌูููุฑ ุงุณูุงู ุงูุฑุงุฏ ุฑุง ฺฉู ุฏุฑ ฺฉุงุฑ ุงุทูุงุนโุฑุณุงู ุฏุฑุจุงุฑู ุขูุงุฑ ูุงูุน ูุจุชูุงุงู ู ุฌุงูุจุงุฎุชฺฏุงู ูุฑูุณ ฺฉุฑููุง ุจูุฏูโุงูุฏุ ุฏุณุชฺฏุฑ ฺฉุฑุฏู ุงุณุช. ููุฑฺฏุงู ุงูุฑุชฺฏุงุณุ pic.twitter.com/2IOBMqogiF
23,2020-03-29 19:42:37+00:00,"ุดุจฺฉู ุชููุฒูู M6 ูุฑุงูุณู ุฏุฑุญุงูฺฉู ุฎุจุฑ ูุฑุจูุท ุจู ฺฉูฺฉโูุง ูุฑุฒุดฺฉุงุฑุงู ุณุฑุดูุงุณ ุจุฑุง ููุงุจูู ุจุง ูุฑูุณ ฺฉุฑููุง ุฑุง ูโุฎูุงูุฏ, ุชุตูุฑ ุจุฏู ูููู ูุณ(ุฑุถุง ูพุฑุณุชุด)ุฑุง ุจุฌุง ุงู ููุชุจุงูุณุช ูุดููุฑ ูุดุงู ุฏุงุฏ ุณูุงู: ุขุง ุฑุณุงูู ูุง ฺฉู ุชูุงูุช ูุงู ุจุฏู ู ุงุตู ุฑุงุชุดุฎุต ููุฏููุฏ, ูุชูุงููุฏ ููุงุจุน ููุซู ุงุทูุงุน ุฑุณุงู ุจุงุดูุฏุ "
24,2020-03-29 17:26:29+00:00,ุจุง ุดูุน ูุฑูุณ ฺฉุฑููุงุ ุจุฑูุฏโูุง ูุทุฑุญ ุฌูุงู ููฺฏูโูุง ุฎูุฏ ุฑุง ุจู ุตูุฑุช ูููุช ุชุบุฑ ุฏุงุฏูโุงูุฏ ุชุง ุนูุงูู ุจุฑ ููุงุด ุงููุช ูุฑุงูุจุช ุจู ููุน ูุณุฆููุช ุงุฌุชูุงุน ุฎูุฏ ุฑุง ุฏุฑ ุงู ุฎุตูุต ุงุฌุฑุง ฺฉุฑุฏู ุจุงุดูุฏ. 
25,2020-03-29 10:18:47+00:00,โญ๏ธ ุชุณูู ุจู ููู ุงุฒ ุณ ุงู ุงู : ๐นุฏุฑุญุงู ฺฉู ุฏุงูุดููุฏุงู ุฏุฑ ุชูุงุด ุจุฑุง ุงูุชู ุฏุงุฑู ุง ูุงฺฉุณู ุจู ููุธูุฑ ููุงุจูู ุจุง ูุฑูุณ ฺฉุฑููุง ูุณุชูุฏุ ฺู ุจุด ุงุฒ ูุฑ ุฒูุงู ุจู ุฏุฑูุงู ูุง ุณูุช ุฎูุฏ ุฑู ุขูุฑุฏู ุงุณุช . pic.twitter.com/flOtLnxAgd
26,2020-03-29 10:12:53+00:00,ุงฺฏู ูุงุชูุงู ุขูุฑฺฉุง ุฏุฑ ููุงุฌูู ุจุง ูุฑูุณ ฺฉุฑููุง ูุดุงูู ุงููู ู ุณููุทุด ูุณุช ูพุณ ฺู ุ #ุณุฑุงุจ_ุบุฑุจ
27,2020-03-29 08:29:12+00:00,ุจู ุฏูู ุดูุน ูุฑูุณ ฺฉุฑููุง ุตุฏูุง ุฏุณุชูุงู ุชูุงูุช ุฏุฑููฺฏ ฺฏูฺฏ ุฑุงุจู ุณุฑูุช ุจุฑุฏู. #ุณุฑุงุจ_ุบุฑุจ
28,2020-03-28 17:22:52+00:00,ุงุฒ ุจุณ ุธุฑู ุดุณุชู ู ฺฉุงุฑุง ุฎููู ฺฉุฑุฏู ุฒูฺฏ ุฏุฑ ุฎููู ุฑู ฺฉู ุฒุฏู ุฏูุจุงู ฺุงุฏุฑ ูฺฏุดุชู๐คฆโโ๏ธ #ฺฉุฑููุง_ูุฑูุณ #ููโุจูโุฎุดููุชโุนููโูุฑุฏุงู
29,2020-03-28 17:10:42+00:00,ุงูู ู ููุน ุฑูุด ููุงุจูู ุจุง ูุฑูุณ ฺฉุฑููุง ูุณุช ุงูุจุชู ุจู ุณุจฺฉ ุงููุงู:)) 
30,2020-03-28 10:57:01+00:00,ูุฑูุณ ุจโุดุนูุฑ! ูฺฉุฑ ฺฉุฑุฏู ููู ู ุดูุฑููุฏ ูุนูููู! #ฺฉุฑููุง
31,2020-03-27 08:41:14+00:00,ู ูุฑูุณ ฺู ูุง ุจู ูุง ุขููุฎุช ุชุง ฺฉู ุจูููู ูุธุงูุช ฺูุฏุฑ ูููู ุชุฏุจุฑ ฺูุฏุฑ ูุงุฒูู ุณูุงูุช ฺูุฏุฑ ุจุง ุงุฑุฒุดู ุงูุณุงู ฺูุฏุฑ ุนุงุฌุฑู ุฏูุง ฺูุฏุฑ ูุงูู ูุฑฺฏ ฺูุฏุฑ ูุฒุฏฺฉู ู ูููุชุฑูุด... ุฎุฏุงููุฏ ฺูุฏุฑ ุจุฒุฑฺฏู ฺู ูุฏุฑุชู ุจุฒุฑฺฏู ู ูุฑูุณ ฺฉู ุจู ุงูุฏุงุฒู ููุทูโุณุช ู ููุชูู ุจุจูุดุุจุจู ฺฉู ุฏูุง ุฑู ุจู ฺู ูุถุน ุงูุฏุงุฎุชู #ฺฉุฑููุง
32,2020-03-27 05:49:41+00:00,ฺฉุฑููุง/ุณูพุงูุ ฺฉู ุงฺฏุฑ ุทุจุจ ุจูุฏ ุณุฑ ุฎูุฏ ุฏูุง ูููุฏ! ุณุฑฺฉุฑุฏู ุณูพุงู ูพุงุณุฏุงุฑุงู ฺฏูุชู: ุจุฑุง ููุงุจูู ุจุง ูุฑูุณ ฺฉุฑููุง ุขูุงุฏู ฺฉูฺฉ ุจู ููุช ุขูุฑฺฉุง ูุณุชู #KhameneiVirus
33,2020-03-27 05:20:45+00:00,๐โ๐โ๐โ๐โ๐โ ูพุชุฒุง ุนุงูู ุงุตู ุดูุน ูุฑูุณ ฺฉุฑููุง ุงุณุชุ ุจู ููู ุฏูู ุงุชุงูุง ุจุงูุงุชุฑู ุชุนุฏุงุฏ ุชููุงุช ุฑุง ุฏุงุฑุฏ! ููุงูู ูุงุณูโฺุฑฺฉู - ุฏุฑูุงุฒู ฺฉุงุฒุฑูู
34,2020-03-26 18:34:00+00:00,ุนูู ฺฉู ูุจุงุดุฏ ุฌุงู ุฏุฑ ุนุฐุงุจ ุงุณุช ฺฉุฑููุง ฺฉููู ุงุณูพุงูุง ุจู ูุนู ุชุงุฌ ุจู ุฎุงุทุฑ ุดฺฉู ุธุงูุฑ ูุฑูุณ ุงูุชุฎุงุจ ุดุฏู ฺฉู ุงุณู ุฏุณุชู ุจูุฏ ูุฑูุณู ุงุณู ุงู ูุฑูุณ ฺฉูุฏ ฑน ุนู ููุชูู ููุน ุงุฒ ูุฑูุณ ฺฉุฑููุง ุญุงูุง ุจุดูุฏ ุชุญููุง ูุฏู ุจฺู ุงุณุฑ ุนุฑูุงุช ุฏุฑุจุงุฑุฏ ุงุฒ ุฎูุฏุชูู๐๐๐๐ 
35,2020-03-25 07:30:34+00:00,ุขูุงุฏู ฺฉุฑุฏู ูฺฉุงู ูุง ุฏุฑูุงู ุจุฑุง ุจุณุชุฑ ูโูฺฏูุฏุงุฑ ูุจุชูุงุงู ุจู ูุฑูุณ ฺฉุฑููุง ุฏุฑ ุดูุฑูุง ุงุฑุงู #ุงุฑุงู_ูู
36,2020-03-24 22:02:04+00:00,ูุดุณุชู ุงุชูุฏ ูุฑูุณ ฺฉุฑููุง ูโุฒูู ุจุฑุง ู ุจุงุฒ. 
37,2020-03-24 08:43:49+00:00,ุชุนุฏุงุฏ ุงูุฑุงุฏ ูุจุชูุง ุจู ูุฑูุณ #ฺฉุฑููุง ุฏุฑ ุฌูุงู ุจู ดฐฐุฐฐฐ ููุฑ ุงูุฒุงุด ุงูุชุุณุน ฺฉูุฏ ุงุฒ ุฑูุช ู ุขูุฏูุง ุบุฑ ุถุฑูุฑ ูพุฑูุฒ ฺฉูุฏ. 
38,2020-03-24 06:40:59+00:00,ุณุงู ถณ: ูุฑูุฏ ุฎูู ูุง ุขููุฏู ูุฑุงูุณู ุจู ูุฑูุณ ุงุฏุฒ ู ููพุงุชุช ุจู ุงุฑุงู ู ุดุฑูุน ูุฑุงฺฏุฑ ุจูุงุฑ ุงุฏุฒ ุณุงู นน: ูุฑูุฏ ูพุฒุดฺฉุงู ุจุฏูู ูุฑุฒ ูุฑุงูุณู ุจู ุงุฑุงู ุจู ุจูุงูู ฺฉูฺฉ ุจู ุฏุฑูุงู #ฺฉุฑููุง ุฏุฑ ุงู ุงูุถุงุน ุขุดูุชู ุงุฑููพุง ู ุขูุฑฺฉุงุ ุฏูู ุงุตุฑุงุฑ ูพุฒุดฺฉุงู ุจุฏูู ูุฑุฒ ุจุฑุง ูุฑูุฏ ู ุงุณุชูุฑุงุฑ ุฏุฑ ุงุฑุงู ฺุณุชุ #ุฌูฺฏ_ุจูููฺฺฉ
39,2020-03-30 12:11:05+00:00,ูู ููุฑู ุชู ฺูู ู ูููููุณุช ู ูุฑ ฺููู ูุณูุดู ูู ุบุฐุงูุงู ุชุฎูู ูู ุฎูุฑู.ุจุนุฏ ุงูู ูุถูู ูุฑููุง ุจุงูุฏ ุฒุฏ ููู ุชู ุชูุดูู ุฑู ฺฏุงููุฏ ูู ููฺูู ุจูุงูู ุฑู ุณุฑ ุฏููุง ุขูุฑุฏู.ุฌูู ุชู ุชู ุขุฏูุงูู ูู ุจู ุฎุงุทุฑ ุงูู ููุฑูุณ ูุดุชู ุดุฏู ุจู ฺฏุฑุฏู ุงูู ูุณูุดุงุณุช ูู ูุฑ ุนู ู ฺฏูู ุฑู ูู ุฎูุฑู.ฺููู ูุงู ูุงุฏุฑุฌูุฏู.ุงุตูุง ูู ูฺุงุฏ ูพุฑุณุชู ููุณุช.
40,2020-03-30 07:16:23+00:00,ูฺฉุชูโุง ุงุณุงุณ ุฏุฑุจุงุฑู ูุฑูุณ ุฌุฏุฏ ฺฉุฑููุง ุงู ุงุณุช ฺฉู ููู ูฺฺฏโูุงุด ฺฉ ุจุงุฑ ุจุฑุง ููุดู ุชุซุจุช ุดุฏู ูุณุชูุฏ. ุฏุฑ ููุฑุฏ ุขู ูโุชูุงู ุงุนุชุจุงุฑ ุชุฆูุฑโุงูุชุฎุงุจ ุทุจุนโ ุฑุง ุฏุฑ ุญุฏ ฺฉ ูุฑูุณ ุฌูููโฺฏุฑ ุฏุฏ. ุฏฺฏุฑฺฏููโุดููุฏฺฏ ุขูุ ููุถูุน ูุงฺฉุณู ุฑุง ูพฺุฏู ูโฺฉูุฏ. pic.twitter.com/p1KrRfzbmM
41,2020-03-29 17:31:27+00:00,ฺฏุฑุงู ุขูุงุฑ ูุจุชูุงุงู ุจู ูุฑูุณ ฺฉุฑููุง ุฏุฑ ุงูุบุงูุณุชุงู! 
42,2020-03-29 15:09:44+00:00,ูู ุจู ูุธุฑ ูู ฺฉุฑููุง ูู ูุฑูุณ ุขุฒูุงุดฺฏุงู ฺูู ูู ุฌูฺฏ ุจูููฺฺฉ ุขูุฑฺฉุง... ฺฉุฑููุง ูุทุนุงู ฺฉุงุฑ ุงููุงู ฺฉู ุฒุฑ ุนฺฉุณ ุทุจุนุชฺฏุฑุฏุง ูููุดุชู ฺฉููุชุชูู ุจุดู ูฺฏุฑูู ุดูุน ุงู ูุฑูุณ ู ูุฑูุทูู ุชู ุงู ูุตู ูฺ ุชูุฌู ุฏฺฏูโุง ูุฏุงุฑู ๐ โ ๐ ุทุจุนุช ุฏุฑุงฺู ูุฆูุฑ ุจู ุณูุช ูุงู ุณูุจุงุชุงูุ ูุฑุฒ ุงุณุชุงูโูุง ฺฏูุงู ู ุงุฑุฏุจู pic.twitter.com/FDzsvtTj8C
43,2020-03-29 10:33:31+00:00,ุขุง ฺฉุณ ุงู ยซณฐ ููุฑ ุงุฒ ูุชุฎุตุตู ู ูพุฒุดฺฉุงู ุนุงูโุฑุชุจู ฺฉุดูุฑยป ฺฉู ุฑูุญุงู ุจุง ุขููุง ุฏุฑ ุจุงุฑู #ูุฑููุง ุฌูุณู ฺฏุฐุงุดุชู ุงุณุช ู ุงู ุณุฎูุงู ููู ฺุฒ ุฎูุจ ุงุณุช ู ูุง ุจูุชุฑู ูุณุชู ุฑุง ฺฏูุชูโุงูุฏ ูโุดูุงุณุฏ!! #ฺฉุฑููุงูุฑูุณ https://baztab.ir/702010/%d8%b1%d9%88%d8%ad%d8%a7%d9%86%db%8c-%d8%a8%d8%a7%db%8c%d8%af-%d8%ae%d9%88%d8%af-%d8%b1%d8%a7-%d8%a8%d8%b1%d8%a7%db%8c-%d8%b2%d9%86%d8%af%da%af%db%8c-%d8%a8%d8%a7-%d8%a7%db%8c%d9%86-%d9%88%db%8c/
44,2020-03-29 08:14:57+00:00,ููฺฉุจ ุณูุงูุช ูุฃุช ุงูุฒูุฑุง(ุณ) ุฏุงูุดฺฏุงู ุตูุนุช ุดุฑู ุจุง ุดูุน ูุฑูุณ #ฺฉุฑููุง ู ูุงุฒ ฺฉุงุฏุฑ ุฏุฑูุงู ุจู ฺฉูฺฉโูุง ูุฑุฏูุ ุฎุฏูุชโุฑุณุงู ุฎูุฏ ุจู ุจูุงุฑุณุชุงูโูุง ุจูุงุฑููุ ูุฑูุฒฺฏุฑ ู ูููุงฺฏุฑ ุชูุฑุงู ุฑุง ุขุบุงุฒ ฺฉุฑุฏู ุงุณุช. ุฎุฏูุงุช ููฺฉุจ: ฺฉูฺฉ ุจู ฺฉุงุฏุฑ ุฏุฑูุงู ูพุฎุช ุบุฐุง ุชุฃูู ูุงูโูุนุฏูโูุง ุชููุช ุชุงูู ุชุฌูุฒุงุช ุจูุฏุงุดุช ู ุฏุฑูุงู
45,2020-03-28 12:53:16+00:00,#ฺฉุฑููุง ุฑุง ุดฺฉุณุช ูุฏูู ูุงูุชุง ูุฑูุณ : pic.twitter.com/KLalIzbsbm
46,2020-03-28 11:28:58+00:00,#ููฺฉู นณ ุณุงูุดู ! ุงฺฏุฑ ุฒูุฏู ุจูููู ุนู ุจูู ุงุดูู ูู ุฏุฑูุบ ฺฏูุชู #ฺฉุฑููุง ฺฏุฑูุชูุ ฺูู ุชู ฺฉุดูุฑูุง ูพุดุฑูุชู ูู ุจุงูุง ทฐ ุณุงู ุฒูุฏู ููููุฏู! ุฏฺฏู ููฺฉู ุฌูู ุงู ฺฏู ู ุงู ูุฏุงู ุจุจูู ฺู ูฺฉู๐ฌ #ูุฑูุณ_ฺฉุฑููุง 
47,2020-03-28 10:23:45+00:00,ุชุณุช ฺฉุฑููุง #ููฺฉู_ุงูฺฏูุณ ูุซุจุช ุดุฏ ฺฉุงุฎ ุณูุทูุช ุงูฺฏูุณ ุฑุณูุง ุงุฒ ุงุจุชูุง ููฺฉู ุงู ฺฉุดูุฑ ุจู ฺฉุฑููุง ูุฑูุณ ุฌุฏุฏ ุฎุจุฑ ุฏุงุฏ/ุงุณูุง 
48,2020-03-27 06:59:19+00:00,ุดุจฺฉู ุณ ุงู ุงู ู ฺฏูุฏ: ุชููุง ุฏุฑ ุฑูุฒ ูพูุฌุดูุจู ฒดธ ููุฑ ุจุฑ ุงุซุฑ ุงุจุชูุง ุจู ูุฑูุณ ฺฉุฑููุง ุฏุฑ ุขูุฑฺฉุง ุฌุงู ุฎูุฏ ุฑุง ุงุฒ ุฏุณุช ุฏุงุฏูุฏ ฺฉู ุงุฒ ูุธุฑ ุชุนุฏุงุฏุ ูพูุฌุดูุจู ูุฑฺฏุจุงุฑุชุฑู ุฑูุฒ ุจูุฏู ุงุณุช. ูพ.ู.ุงููููุช ุจุฑุง ูุง ูพุฒุดฺฉ ููุฑุณุชูุฏุ ฺฉูู(ฺฉูฺูู) ุงฺฏุฑ ุทุจุจ ุจูุฏ ุณุฑุฎูุฏ ุฏูุง ูููุฏ...๐ #ุณุฑุงุจ_ุบุฑุจ
49,2020-03-26 08:40:08+00:00,ุณุฑูุดฺฉุฑ ุณูุงู: ุงฺฏุฑ ููุช ุขูุฑฺฉุง ูุงุฒ ุจู ฺฉูฺฉ ุฏุงุฑุฏุ ุขูุงุฏู ุงู ฺฉุงุฑ ูุณุชูุ ุงูุง ูุง ูุงุฒ ุจู ฺฉูฺฉ ุขููุง ูุฏุงุฑู. ๐นุนููุงุช ุฏูุงุน ุจูููฺฺฉ ู ูพุงฺฉุณุงุฒ ูุญุท ุฑุง ุงุฏุงูู ุฎูุงูู ุฏุงุฏ ู ุชุง ุฒูุงู ฺฉู ูุฑูุณ ฺฉุฑููุง ุงุฒ ฺฉุดูุฑูุงู ุฑุฎุช ุจุฑูุจูุฏุฏุ ุฏุฑ ฺฉูุงุฑ ูุฑุฏู ุนุฒุฒูุงู ุจูุฏู ู ูุงููุฏ ููุดู ูพุดูุฑฺฏ ุขููุง ูุณุชู pic.twitter.com/4HSehdFUYB
50,2020-03-25 20:17:31+00:00,ุงุฑุชุดู ูู ูุฌูุฏุด ุงูุชุฎุงุฑ ูู ูููู. #ุงุฑุชุด_ูุฏุง_ููุช #ฺฉุฑููุง_ูุฑูุณ 
51,2020-03-25 07:54:54+00:00,ููฺฉุงุฑ ููู ูุฑุฏูุ ุงุฑฺฏุงู ูุง ุฏููุชุ ุจุณุฌุงู ู ุณูพุงู ู ุงุฑุชุด ุฏุฑ ุฑุดู ฺฉู ฺฉุฑุฏู ูุฑูุณ ฺฉุฑููุง ุฏุฑ ุงุฑุงู #ุงุฑุงู_ูู
52,2020-03-24 14:32:31+00:00,ู ุณุฑ ุขุฏูุง ุงุทุฑุงูููู ูุซู ูุฑูุณ ฺฉุฑููุง ูุณุชู ุงฺฏู ุงุฒุดูู ูุงุตูู ูฺฏุฑ ูฺฉุดูุช !
53,2020-03-24 14:09:10+00:00,ฑ. ฺฉุฑููุง ูพุฎุด ููุดู ุจูฺฉู ุงุฏููุง ุงููู ูพุฎุด ูฺฉูู #ุฏุฑ_ุฎุงูู_ุจูุงูู ฒ. ุจูุงุฑุณุชุงููุง ุฑุงู ุญู ูุณุชูุฏ ู ุจุง ุงู ุธุฑูุชูุง ฺฏูุฌุงุด ููู ุฑุง ูุฎูุงููุฏ ุฏุงุดุช #ุฏุฑ_ุฎุงูู_ุจูุงูู ณ. ุฏุฑูุงู ุจุฑุง ูุฑูุณ ูุฌูุฏ ูุฏุงุฑุฏ #ุฏุฑ_ุฎุงูู_ุจูุงูู
54,2020-03-24 00:51:12+00:00,ูพู ฺฉุฑููุง ูุฑูุณ ุฏ ุงุฎุชู ุดูู ฺฉุณ ูฺ ุนูุงู ูุตุงุจ ุจูุฏู ูุฑุฏ ุจู ูุฑูุณ ฺฉุฑููุง pic.twitter.com/q6whcFSiX7
55,2020-03-23 11:18:25+00:00,ูุฑูุณ ููุญูุณ #ฺฉุฑููุง  ุขูุฑฺฉุง ุชุง ูุงุจูุฏ ุฑฺู ุงุณุชฺฉุจุงุฑ ุขูุฑฺฉุง ูโุฌูฺฏู ูุจฺฉ ุง ุฎุงูููโุง #KhameneiTheGreat
56,2020-03-23 10:22:02+00:00,"๐ ฺูุงูฺู ุงุชูุงู ูุงุฑุฏู ุงุฒ ุณู ุฌูุงูุงู ุจู ุฏููุช ุขูุฑฺฉุง ุฏุฑ ุฎุตูุต ูุฑูุณ ฺฉุฑููุง "" ุชุฆูุฑ ูุง ุชูุทุฆู ุณุงุฎุชู ุดุฏู ุงุฒ ุณู ุงุฑุงู "" ุงุณุชุ ุฌุง ุฏูุฑ ูุฑูุฏ ููุท ุจู ุจุฎุด ุงุฒ ุณูุงูุงุช ููุฏุฑุฌ ุฏุฑ "" ฺฏููุจุงู ุฑุณุฑฺ"" ูพุงุณุฎ ุฏูุฏ: @USAdarFarsi https://www.globalresearch.ca/ten-questions-for-the-u-s-where-did-the-novel-coronavirus-come-from/5707035"
57,2020-03-30 04:47:05+00:00,ุขููพูู ูุฑูุณ ฺฉุฑููุง ุฑู ูุงูุงูู ฺฉุดู โฺฉุฑุฏู !! ูุฏุงุชู ููู 
58,2020-03-29 21:19:36+00:00,ูุถุง ุงููุช #ุดุฑุงุฒ ูพุณ ุงุฒ #ุดูุฑุด #ุฒูุฏุงูุงู #ุฒูุฏุงู ุนุงุฏู ุขุจุงุฏ ุงู ุดูุฑ #ุฏุฑุฎุงูู_ุจูุงูู #ูุฑููุง #ฺฉุฑููุงูุฑูุณ #ูุฑูุณโฺฉุฑููุง #Covid_19 #coronavirus #KhamaneiVirus
59,2020-03-29 18:28:20+00:00,ุงู ุนฺฉุณ ูุจู ุงุฒ ุดูุน #ูุฑูุณ_ฺฉุฑููุง ฺฏุฑูุชู ุดุฏู ุงุณุช pic.twitter.com/MOM7wdfuvu
60,2020-03-29 10:22:39+00:00,ูุญูู ุขูุฑฺฉุง: ุงุฑุงู ุจุงุฏ ุจู ูุฑฺฏููู ูพุดููุงุฏ ฺฉูฺฉ ููุงุจูู ุจุง ฺฉุฑููุง ุงุฒ ุณู ุขูุฑฺฉุง ูุธููู ุจุงุดุฏ ยซูุงฺฉู ุฌููุฒยป ููุณูุฏู ู ูพฺููุดฺฏุฑ ุขูุฑฺฉุง: ๐นฺฉุฑููุง ฺฉ ุณูุงุญ ุจูููฺฺฉ ุงุณุช. ุดูุน ูุฑูุณ ฺฉุฑููุง ุงุฒ ฺฉ ุญููู ูุงฺุงู ุงุฌุงุฏ ุดุฏู ุงุณุช ฺฉู ุดุงูู ูููพฺฏ ฺฉุงูุงุฏุงุ ุฏุงูุดฺฏุงู ูุงุฑูุงุฑุฏ ุขูุฑฺฉุง ู ูููุงู ุฏุฑ ฺู ุงุณุช. 
61,2020-03-28 19:28:24+00:00,#ฺฉุฑููุง_ูุฑูุณ ุงุฒ ูฺฏุงู ุฏฺฏุฑ @m_r_gholami55 ุงูุชุฎุงุจ ุจุงุฎูุฏุชุงู
62,2020-03-28 19:27:42+00:00,ูุทุงุจู ุจุง ุชุญููุงุช ุณุงุฒูุงู ูู ูพฺููุด ูุง ุฌูุ ูุงุณุง ุงุนูุงู ฺฉุฑุฏ ฺฉู 30ุชุง45ุฏุฑุตุฏ ุงุฒ ูุฒุงู ูููฺฉุณุฏฺฉุฑุจู ุณุทุญ ุงุชูุณูุฑ ฺู ุฏุฑ ุจุงุฒู ุฒูุงู ููุฑู ุชุง ุงูุงู ูุงู ูุงุฑุณ ูุณุจุช ุจู ุฒูุงู ูุดุงุจู ุฏุฑ ุณุงู 2019 ฺฉุงูุด ุงูุชู ุงุณุช.ุนู ุฑุบู ุงุชูุงูุงุช ูพุด ุงูุฏูุ ุงูฺฏุงุฑ ุงู ูุฑูุณ ููุณ ุชุงุฒู ุจู ุฒูู ุฏุงุฏู ุงุณุช #ฺฉุฑููุง #ฺฉููุฏ_ฑน pic.twitter.com/Jawb80ploY
63,2020-03-28 11:43:13+00:00,#ุฎุจุฑ_ุฎูุจ ุขุช ุงููู ุณุฏ ุฌุนูุฑ ฺฉุฑู ูุณุฆูู ุดูุฑุง ุงุณุชูุชุงุฆุงุช ุจุช ุฎุงููู ุง ูพุณ ุงุฒ ุงุจุชูุง ุจู ฺฉุฑููุง ูุญุธุงุช ูพุด ููุฑุฏ. #ฺฉุฑููุง_ูุฑูุณ
64,2020-03-27 06:51:50+00:00,ูุคุชูุฑ ุทุจู ุนูู ุงูุงูุชุฑูุช @IranAlhurra https://iranfreedom.org/ar/%d9%85%d8%a4%d8%aa%d9%85%d8%b1-%d8%b7%d8%a8%d9%8a-%d8%b9%d9%84%d9%89-%d8%a7%d9%84%d8%a7%d9%86%d8%aa%d8%b1%d9%86%d8%aa/ #ูุฑูุณ_ฺฉุฑููุง #ุงูุดุนุจ_ูุฑูุฏ_ุฅุณูุงุท_ุงููุธุงู #COVIDใผ19
65,2020-03-26 17:10:48+00:00,ุงุฎุชุตุงุต/ ูุชุงุณูุงูู ุฎุจุฑุฏุงุฑ ุดุฏู #ุญุณู_ุฑููุฏ (ุงุณุชูุฏุขูพ ฺฉูุฏู ุงุฑุงู) ุจู #ฺฉุฑููุง ูุจุชูุง ุดุฏู ู ุดุจ ฺฏุฐุดุชู ุจู ฺฉูุง ุฑูุชูุ ุงูุง ฺฉุณุจ ุงุทูุงุน ฺฉุฑุฏู ุงู ุงูุฑูุฒ ุญุงูุด ฺฉู ุจูุชุฑ ุดุฏู ุงุณุช. ุจุฑุง ุณูุงูุช ุงู ู ุฏฺฏุฑ ูุจุชูุงุงู ุจู ุงู ูุฑูุณ ุดูู ู ุจโุฑุญู ุฏุนุง ฺฉูู. pic.twitter.com/lIsX7Bgoph
66,2020-03-26 16:59:03+00:00,ุชุงุฑุฎ ูุฎุชุตุฑ ุขูุฏู ยซููุช ูุทูุฆู ุจุงุดู ููุน ูุฑูุณ ุฌุฏุฏ ูุงุดูุงุฎุชู ฺฉู ุฏูุง ุฑุง ูุฑุงุฎูุงูุฏ ฺฏุฑูุช ู ููููโูุง ููุฑ ุฑุง ุฎูุงูุฏ ฺฉุดุชุ ุขู ุฑุง ุจูุง ุทุจุน ุญุชู ุฏุฑ ูุธุฑ ููโฺฏุฑู ุจุฑุนฺฉุณ ุขู ุฑุง ูุตูุฑ ุจุดุฑ ุงุฑุฒุงุจ ูโฺฉูู ู ฺฏุฑุจุงู ูุณุฆููุงู ุฑุง ูโฺฏุฑู.ยป ุงุฒ ฺฉุชุงุจ #ุงูุณุงู_ุฎุฏุงฺฏููู ููุดุชู #ููุงู_ููุญ_ูุฑุงุฑ #ฺฉุฑููุง
67,2020-03-25 23:59:58+00:00,ุงูฺฉุงุฑ ุณุงูู ู ูุงุณุงูู ุฏุฑ ููุฑุฏ ูุฑูุณ ฺฉุฑููุง 
68,2020-03-25 12:28:27+00:00,ุจุง ููู ฺฏุฑ ุดุฏู ูุฑูุณ ฺฉุฑููุง ุฏุฑ ุณุฑุงุณุฑ ุฌูุงูุ ฺฉ ุงุฒ ุจุฒุฑฺฏุชุฑู ุณุงุช ูุง ูพูุฑููฺฏุฑุงู ุงุนูุงู ฺฉุฑุฏ ฺฉู ุงุณุชูุงุฏู ุงุฒ ุงู ุณุงุช ฒถโ.ด ุฏุฑุตุฏ ุงูุฒุงุด ุงูุชู ุงุณุช. ุชุญููุงุช ฺฉู ุงุฎุฑุง ุฏุฑ Journal of Sex and Marital Therapy ฺุงูพ ุดุฏ ูุดุงู ุฏุงุฏ ฺฉู ุชููุง ู ูุตุฑู ูพูุฑู ุฑุงุจุทู ุชูฺฏุงุชูฺฏ ุจุง ูู ุฏุงุฑูุฏ. pic.twitter.com/p3HP0aAxcT
69,2020-03-25 05:23:16+00:00,ุจุฏุชุฑู ูุณูุช #ฺฉุฑููุง ุงููุฌุงุณุช ฺฉู ูุงุฏุฑ ุง ููุณุฑ ููุชููู ุชูุงุฑุช ฺฉูู. ูฺฏุฑูู ุณุฑุทุงู ูู ุจุง ููุฑุจุงู ูุฒุฏฺฉุงู ูุงุจู ุชุญููู ฺู ุจุฑุณู ุจู ุงู ูุฑูุณ ุฏูุฒุงุฑ. #ุฏุงโูุญุณู #ุฑุชูุช
70,2020-03-24 12:44:30+00:00,#ฺฉุฑููุง_ุฑุงุดฺฉุณุช_ู_ุฏูู ุฌูุงุฏฺฏุฑุงู ฺฉู ุจุง ููุช ูุงูุง ุฎูุฏ ุฏุณุช ุจู ุฏุณุช ูู ุฏุงุฏู ุชุง ุจุงุถุฏุนููู ฺฉุฑุฏู ูุนุงุจุฑ ุงู ูุฑูุณ ููุญูุณ ุฑุงุฑุดู ฺฉู ฺฉููุฏ pic.twitter.com/tOx8SW2Uxi
71,2020-03-24 11:08:06+00:00,ุนุงูู ุฑูุบุชุง ูุฒุฑ ูุฑูุฒุฏู ูุฑูุฒ: ฺุงูู ฑถููููู ุงูุบุงูุงู ูพู ฺฉุฑููุง ูุฑูุณ ุงุฎุชู ุงู ฑฑฐุฒุฑู ูฺู ุดู 
72,2020-03-23 17:12:08+00:00,ุฏุฑ ุญุงู ฺฉู ุจุณุงุฑ ุงุฒ ฺฉุดูุฑูุง ุฏุฑฺฏุฑ ฺฉุฑููุงุ ุจุง ูุฑูุทููุ ุชุนุทู ฺฉุฑุฏู ุงุถุทุฑุงุฑ ุงุฏุงุฑุงุชุ ููุฑุฑุงุช ููุน ุขูุฏ ู ุดุฏุ ูุญุฏูุฏุช ุชุฑุฏุฏูุง ุฌุงุฏู ุง ู... ุจู ูุฑุฏู ฺฉูฺฉ ู ฺฉููุฏ ุฏุฑ ุฎุงูู ุจูุงููุฏ ุชุง ุฒูุฌุฑู ุงูุชูุงู ูุฑูุณ ูุทุน ุดูุฏุ ูุชุงุณูุงูู ุฏููุช ุงุฑุงู ูฺฺฉุฏุงู ุงุฒ ุงู ุงูุฏุงูุงุช ุฑุง ุจู ุทูุฑ ุฌุฏ ุฑุง ุงูุฌุงู ูุฏุงุฏู ุงุณุช. โฝ 
73,2020-03-29 15:34:58+00:00,ุจุฑุง ฺฉูุชุฑู ู ููุงุฑ ูุฑูุณ ฺฉุฑููุง ุฏุฑ ุฎุงูู ุจูุงูุฏ. ูุซู ูพุฑุณูพููุณ ฺฉู ฺูุฏ ุณุงู ุตุฏุฑ ูุดู ุฑุง ุชุฑฺฉ ูฺฉุฑุฏู ู ุฏุฑ ุขูุฌุง ูุงูุฏู. 
74,2020-03-29 09:27:42+00:00,ูุฑูุณ ฺฉุฑููุง ูพุณ ุงุฒ ุฏุฏุงุฑ ุจุง ุขุชโุงููู ุฌูุช ุฏุฑ ุจูุงุฑุณุชุงู ุจุณุชุฑ ุดุฏ. 
75,2020-03-28 19:32:00+00:00,๐ดุขูุงุฑ ุฑุณู ูุฑูุณ ฺฉุฑููุง ุฏุฑ ฺฉู ุงุณุชุงู ูุฒูู ุงุฎุจุงุฑ ููุฑฺฏุงู๐ @mehregan_tel 
76,2020-03-28 12:24:14+00:00,ุฑูุญุงู ฺฉุฑููุง ูุฑูุณ ุจฺฏุฑู ููุชูู ู ุดุงู ูุฏู
77,2020-03-28 07:54:51+00:00,ุฑุนุจ ู ูุญุดุช ุฏุฑ ฺฉุงุฎโูุง ุขู ุณุนูุฏุ ุงูุดุง ุงุจุชูุง ฑด ุดุงูุฒุงุฏู ุณุนูุฏ ุจู ฺฉุฑููุง ุตูุญู ููุณูู ุจู ุงูุนูุฏ ุงูุฌุฏุฏ ุงุฒ ุงุจุชูุง 14 ุดุงูุฒุงุฏู ุงุฒ ุฎุงูุฏุงู ุญุงฺฉู ุขู ุณุนูุฏ ุจู ูุฑูุณ ฺฉุฑููุง ุฏุฑ ุญุงู ูพุฑุฏู ุจุฑุฏุงุดุช ฺฉู ุญุงูุช ุงุฒ ุฑุนุจ ู ูุญุดุช ุฏุฑ ุฏุฑุจุงุฑ ุขู ุณุนูุฏ ุงุฒ ุดูุน ุงู ูุฑูุณ ุฏุฑ ูุงู ุดุงูุฒุงุฏฺฏุงู ุจู ูุฌูุฏ ุขูุฏู ุงุณุช. #ุณุฑุงุจ_ุบุฑุจ
78,2020-03-27 12:01:56+00:00,ูุณุท ุงู ุงุฎุจุงุฑ ู ูุทุงูุจ ฺฉู ุฑุงุฌุจ ฺฉุฑููุง ูฺฏุฏุ #ุณู_ฺฉุฑูุงู ุฑู ูุฑุงููุด ูฺฉูู... ุงู ุนฺฉุณ ุฑู ฺฉ ุงุฒ ุจฺู ูุง ุฌููุจ ฺฉุฑูุงู ุจุฑุงู ูุฑุณุชุงุฏู ู ุจุณุงุฑ ุงูุถุงุน ุจุฏ ุฏุงุฑูุฏ ุฏุฑ ุญุงู ุญุงุถุฑ ู ุจู ุดุฏุช ุจู ฺฉูฺฉ ุงุญุชุงุฌ ุฏุงุฑูุฏ. #ฺฉุฑููุง_ูุฑูุณ pic.twitter.com/E5gcjQb7xq
79,2020-03-26 19:11:37+00:00,ุงูู ุณุฑุจุงุฒ ูู ุงูุงุบ ุฑุง ููู ูุฑุฏู ูู ุจุฎุงุทุฑ ุงูุงุบ ุจููู ุจุฎุงุทุฑ ุงูููู ุฏุดุชุูพุฑุงุฒ ููู ุงุณุช ู ูููู ุงุณุช ุชุญุฑู ุจู ุจุฑูุงูู ุงูุงุบ ุจุงุนุซ ูููุฌุฑ ุดุฏู ููู ุดูุฏ ูููู ุฑุง ุจู ูุดุชู ุฏูุฏ ุงูููู ูุงููุฒ ุฏุฑ ุฏุดุชู ุฒูุฏฺฏู ูู ูููู ูู ูพุฑ ุงุฒ ููุฑูุณ ูุฑููุง ุงุณุช ูุฐุง ุฎูุงูุด ูุฑูุณ ุงูุงุบ ุฏุงุฑุฏ ุขู ุฏุฑ ุฎุงูู ุจุจูุฏุฏ ุชุง ููู ูุง ุฑุง ุจู ูุดุชู ูุฏูุฏ! pic.twitter.com/fobuEBwrgD
80,2020-03-26 06:18:46+00:00,๐ง ูพฺฏุฑ ุขูุงุฑ ูุฑูุณ #ฺฉุฑููุง ุงุฒ ุทุฑู ุฎุท ูุฑูุงู ูููฺฉุณ $sudo npm install -g corona-cli $corona https://www.ostechnix.com/track-coronavirus-disease-2019-covid-19-statistics-from-commandline/ pic.twitter.com/rVqKAbpy0D
81,2020-03-26 05:14:28+00:00,#ุงุฑุงู_ูู ฺฉุงุฏุฑ ูพุฒุดฺฉ ูุง ุซุงุจุช ฺฉุฑุฏูโ ฺฉู ุจุง ูุฌูุฏ ุชุญุฑููุง ุจุฑ ุญูุงูู ุขูุฑฺฉุง ูุง ู ุชูุงูู ุจุฏูู ฺฉูฺฉ ุบุฑุจ ูุฑูุณ ฺฉุฑููุง ุฑุง ุดฺฉุณุช ุฏูู
82,2020-03-25 22:16:03+00:00,ุฏูุณุชุงู ุนุฒุฒ ุฏุฑุฎุงูู ุจูุงูุฏ ูุจุงุนุซ ูุงุจูุฏ ูุฑูุณ ฺฉุฑููุง ุจุงุดุฏ 
83,2020-03-25 21:05:02+00:00,ุฏู ุจุฑุงูู ุฏุฑ ุฑูุงู ุฏูุฒุฎ ุชุฆูุฑ ุฑู ูุทุฑุญ ูโฺฉูู ฺฉู ุงู ุฑูุฒูุง ุจุง ุดูุน ฺฉุฑููุงุ ุฌุงูุจ ุจู ูุธุฑ ูโุฑุณู. ุงูฺฉู ุจุง ุดูุน ุทุงุนูู ู ูุฑฺฏ ูู ุงุฒ ุงุฑููพุงุ ููุงุจุน ููุฌูุฏ ฺฉูุงู ุจุงุฒูุงูุฏฺฏุงู ุฑู ุฏุงุฏ ู ุฑูุงู ููุฌุจ ุดุฏ ฺฉู ุฑูุณุงูุณ ุดฺฉู ุจฺฏุฑู. ุฏุฑ ุฑูุงู ฺฏุฑูู ูโุฎูุงููุฏ ุจุง ุงูุชุดุงุฑ ฺฉ ูุฑูุณ ุงุฒ ุณุฑุนุช ุฑุดุฏ ุฌูุนุช ุงูุณุงู ฺฉู ฺฉููุฏ./ฑ 
84,2020-03-25 08:10:50+00:00,ุดุจุงูุช ูุฑูุณ ฺฉุฑููุง ู ุขููููุงูุฒุง 
85,2020-03-24 14:32:46+00:00,#Hantavirus ูุฑูุณ ุฌุฏุฏ ฺฉู ุงุฎุฑ ุฏุฑ ฺู ุดุงุน ุดุฏู ูโ ูุฑุฏ ูู ฺฉู ุจู ุขู ูุจุชูุง ุจูุฏู ููุช ฺฉุฑุฏู ุ ุงูุฏูุงุฑู ูุณุฆููุงู ุงูู ูฺฏู ุดุงุนู ุงุณ ู ูพฺฏุฑ ุงููุฑ ุจุงุดู ุชุง ุชุจุฏู ุจู ูุนุถู #ฺฉุฑููุง ูุดูุฏ ุงู ูุดุชฺฏ ุฑุง ุณุฑฺ ฺฉูุฏ
86,2020-03-24 11:49:10+00:00,ูุฑูุณ ฺฉุฑููุง ุจุงุนุซ ุฑฺฉูุฏ ุงูุชุตุงุฏ ุฏุฑ ุณุงู 2020 ู ุดูุฏ ุฑุณ ุตูุฏูู ุจูโุงูููู ูพูู: ุฏูุฑููุง ุฑุดุฏ ุงูุชุตุงุฏ ุฌูุงู ููู ุงุณุช ู ุตูุฏูู ุจูโุงูููู ูพูู ุงูุชุธุงุฑ ฺฉ ุฑฺฉูุฏ ุฑุง ุญุฏุงูู ุจู ูุฎุงูุช ุจุญุฑุงู ูุงู ุฌูุงู ุฏุฑ ฒฐฐธ ู ฒฐฐน ู ุญุช ุจุฏุชุฑ ุงุฒ ุขู ุฏุงุฑุฏ
87,2020-03-24 07:43:12+00:00,ูฺ ฺฉ ูพู ฺฉุฑููุง ูุฑูุณ ุฏ ูฺู ุดูุฑ ุชุฑ ฑถฐฐฐ ูุงูฺุช ูพู ูฺ ฺฉ ูพู ฺฉุฑููุง ูุฑูุณ ุฏ ูฺู ุดูุฑ ุชุฑ ฑถฐฐฐ ูุงูฺุช ุงู ูพู ุฏ ูุฑูุณ ุชุฑ ณ ูฺฉู ุงู ถท ุฒุฑู ฺุฑ ฺฉุณุงู ุงุฎุชู ุดูู ุฏู. ุฏ ุงูุฑฺฉุง ุฏ ุฌุงูุฒ ูุงูพฺฉูุฒ ูพูููุชูู ุฏ ูุนูููุงุชู ูู ูุฎ ูพู ุงูผุงูุง ฺฉ ุชุฑ ุจู ูุฑ ููุงุฏ ูพู ฺฉุฑููุง ูุฑูุณ ฺุฑ ฺฉุณุงู ูฺู ุดูู ุฏู. pic.twitter.com/lBjTQy8JAx
88,2020-03-28 10:41:51+00:00,ุงูุงู ฺฉู ููฺฉู ุงูฺฏูุณ ฺฉุฑููุง ฺฏุฑูุชู ูุฑูุณ ูุง ฺฉุฑููุง ุชู ุฑู ููฺฉู ููุดุชู: Keep Calm I'm Queen
89,2020-03-28 09:49:26+00:00,ุจู ููุงุฒุงุช ุดูุน ูุฑูุณ ฺฉุฑููุง ุฏุฑ ุขูุฑฺฉุงุ ููุช ูุญุตููุงุช ุจูุฏุงุดุช ููุฑุฏ ูุงุฒ ุฏุฑ ุงู ฺฉุดูุฑ ุจู ุทูุฑ ูุงฺฏูุงู ุงูุฒุงุด ฺุดูฺฏุฑ ูพุฏุง ฺฉุฑุฏูุ ูุซูุงู ุฏุฑ ุดูุฑ ูููุฑฺฉ ฺฉ ฺู ุถุฏ ุนููู ฺฉููุฏู ุฏุณุช ธฐ ุฏูุงุฑ ุจู ูุฑูุด ูโุฑุณุฏ ฺฉู ููุช ุขู ณฐฐ ุจุฑุงุจุฑ ุงูุฒุงุด ุฏุงุดุชู ุงุณุช. #ุณุฑุงุจ_ุบุฑุจ
90,2020-03-28 02:56:22+00:00,ููู ุดุจุงูุช ูุง ููู Contagion ุจู #ฺฉุฑููุง ู ุทุฑูุ ูู ููุท ุนุงุดู ุงูู ุชฺฉุด ุดุฏู ฺฉู ุฎุจุฑูฺฏุงุฑู ู ุตุงุญุจ ุดุฑฺฉุช ุฏุงุฑูุณุงุฒู ุดุงุนู ู ฺฉููุฏ #ุงุณ_ุฒุฑุฏ (ููุฑุณุชู) ูุงุณู ุฏุฑูุงู ูุฑูุณ ููุซุฑูุ ุดุฏู. ุฏููุง ูุถู #ุฑูุบู_ุจููุดู ู ุฌูุงุจ ฺฉูุงู ุจุฑุฏุงุฑ #ุชุจุฑุฒุงู ุฑู ูู ุจู ุชุตูุฑ ฺฉุดุฏู ุจูุฏูุฏ.
91,2020-03-27 16:45:44+00:00,ๅฆๆๆจ็ฟป่ญฏไบไธๅๅฅณๅญฉไธฆ็ฟป่ญฏไบๆญคๆๆฌ๏ผ่ซๅ่จดๆ็งไบบ็ฉบ้ๅๆจ็ไนณๆฟ๏ผๆจๅฐๅ็ๆผ่้จ็ทๅฏฆ ุงู ุญุฑูุง ุงููู ฺฉุณ ูุณุช ฺฉู ูุฑูุณ ฺฉุฑููุง ฺฏุฑูุชู ู ุฎูุจ ุดุฏู ูู ฺฉู ุฎุงูู ุฑุงุญุช ุดุฏ!
92,2020-03-27 13:22:02+00:00,#ุงุฑุงู_ูู ฺฉุงุฏุฑ ูพุฒุดฺฉ ูุง ุซุงุจุช ฺฉุฑุฏูโ ฺฉู ุจุง ูุฌูุฏ ุชุญุฑููุง ุจุฑ ุญูุงูู ุขูุฑฺฉุง ูุง ู ุชูุงูู ุจุฏูู ฺฉูฺฉ ุบุฑุจ ูุฑูุณ ฺฉุฑููุง ุฑุง ุดฺฉุณุช ุฏูู
93,2020-03-27 13:09:34+00:00,ุงุจุชูุงุก ุจูุฑุณ ุฌุงูุณูู ูุฎุณุช ูุฒุฑ ุงูฺฏูุณุชุงู ุจู ูุฑูุณ ฺฉุฑููุงุุฏุฑุณุช ูุธุฑู ุจุณุงุฑ ุงุฒ ูุณุฆููู ุงุฑุงู ฺฉู ุงู ูุฑูุณ ุฑุง ุณุงุฎุชู ุฎูุฏ ุบุฑุจูุง ุจููุธูุฑุฌูฺฏ ุจูููฺฺฉ ุนูู ฺู ู ุงุฑุงู ูุฏุงููุฏ ุฑุง ุจููุงุด ูฺฏุฐุงุฑุฏ.ูพุดุฑูุช ุนููู ุงูุณุงู ุฏุฑ ุงุฑุงู ุณุจุจ ุดุฏู ฺฉู ุชุฆูุฑูุง ุชูุทุฆู ุณุงุฎุช ุงุฑุงู ุจู ูุฏุฑุช ุจุฎุทุง ุฑูุชู ุจุงุดูุฏ.
94,2020-03-27 11:49:16+00:00,#ุจูุฑูุณ_ุฌููุณูู ูุฎุณุชโูุฒุฑ ุงูฺฏูุณ ุงุนูุงู ฺฉุฑุฏ ฺฉู ุจู ูุฑูุณ ฺฉุฑููุง ูุจุชูุง ุดุฏู ุงุณุช ฺูุฏุฑ ุงู ุดุจฺฉู ูุง ููุฏู ู ุณุนูุฏ ุฑู ุงุจุชูุง ูุนุงูู ูุฒุฑ ุจูุฏุงุดุช ูุง ูุงููุฑ ุฏุงุฏู.ุญุงูุง ุท ฺฉ ูุงููุฑุช ุณูฺฏู ูุงูู ฺฉุด ุจู ุณุฑ ูุจุฑู #ุฑูุจุงู_ูพุฑ
95,2020-03-27 09:21:40+00:00,ุจู ููู ุงุฒ ุงูุฏูพูุฏูุช: ุฏุฑ ุฌูุจ ุจูุงุฑุณุชุงู ุฏุฑ ูููุชูู ูููุฑฺฉ ฺูุฏ ููุฑุฏ ฺุงุฏุฑ ุณูุฏ ฺฏูุจุฏุดฺฉู ู ฺฉุงูููโูุง ุฎฺุงูโุฏุงุฑ ุจู ุนููุงู ุณุฑุฏุฎุงูู ุชุนุจู ุดุฏู ุชุง ุจู ุดูุงุฑ ุฑูุฒุงูุฒูู ูุฑฺฏ ู ูุฑ ุจุฑ ุงุซุฑ ูุฑูุณ ฺฉุฑููุง ุฏุฑ ุงู ุดูุฑ ุฑุณุฏฺฏ ุดูุฏ. #ุณุฑุงุจ_ุบุฑุจ
96,2020-03-26 12:48:58+00:00,ุจุฑ ุงู ููุทู ฺฉู ุณุฎุช ุฏุฏู ู ุดูุฏ ุจุดุฑ ุฏุฑ ูุจุฑุฏ ุจุง ูุฑูุณ ุงุณุช ฺฉู ุฏุฏู ููุดูุฏ. #ูุฑูุณ_ฺฉุฑููุง 
97,2020-03-26 06:52:20+00:00,ุฏู ุณู ุฑูุฒ ุงุณุช ฺฉู ฺฏูุง ุฏูุฑู ฺฉููู ูุฑูุณ ุฎู ฺฉูุชุงูุชุฑ ุดุฏูุ ฺูุฏ ููุฑุฏ ุณู ุณุงุนุช ุจุนุฏ ุงุฒ ูุฑุงุฌุนู ุจู ุจูุงุฑุณุชุงู ูุงุฑุฏ ูุฑุญูู ูุฎู ู ุจุณุชุฑ ุฏุฑ ICU ุดุฏูโุงูุฏ #ุฏุฑุฎุงูู_ุจูุงูู #ูพุฑุณุชุงุฑ #ฺฉุฑููุง
98,2020-03-25 23:34:54+00:00,ุฑุฆุณ ุฏุงูุดฺฉุฏู ุนููู ูพุฒุดฺฉ ุขุจุงุฏุงู ฺฏูุชู ุจุง ุงุณุชูุงุฏู ุงุฒ ฺฉ ุฏุงุฑู ุถุฏ ูุฑูุณ ุฏุฑ ฺฉูุงุฑ ูุฏุฑูฺฉุณ ฺฉูุฑฺฉูุ ูุฑฺฏ ู ูุฑ ุฑู ุชู ณฐ ุจูุงุฑ ูุฏู ุจู ุตูุฑ ุฑุณููุฏู ู ต ุจูุงุฑ ุงูุชูุจู ุงฺฉุณุชูุจู ุดุฏู ู ุจูู ูู ุจุง ุงูฺฉู ุจุฏุญุงู ุจูุฏู ุจู ุณุฑุนุช ุญุงูุดูู ุจูุชุฑ ุดุฏู. ุงุณู ุฏุงุฑู ุฑู ูฺฏูุชู ูู ุฌุฐุงุจ ุดุฏ. #ฺฉุฑููุง
99,2020-03-25 04:45:27+00:00,ุงููู ฺฉุช ุงุฑุงู ุชุดุฎุต ูููฺฉูู ูุฑูุณ ฺฉุฑููุง(SARS-CoV-2)ุชูุณุท ฺฉ ุงูุงู ุฑูุงูู ุขุฒูุงุดฺฏุงููุง ุชุดุฎุต ฺฉุดูุฑ ุดุฏุุงูู ุจุฒุงุฑุฏ ฺฉูุงุฑ ฺฉูุจูุฏ ุงูฺฉุงูุงุช ู ููุงุฒู ุจูุฏุงุดุช ู ุขุฒูุงุด ุฏุฑ ฺฉุดูุฑูุง ุงุฑููพุง ู ุงูุฑฺฉุง ฺฉู ุงุฏุนุง ููุฏ ูพุดุฑูุช ุฏุงุฑู ุงูุง ูููุฒ ุงุฒ ุงููุจุง ุณูุงูุช ูู ุนุงุฌุฒู #ุงุฑุงู_ูู #ุณุฑุงุจ_ุบุฑุจ
100,2020-03-24 16:43:28+00:00,ู ฺฉุงุฑฺฉุงุชูุฑ ุฌุงูุจ ุฏุฑ ููุฑุฏ ูุญุท ุฒุณุช ุจุฑุนฺฉุณ ุงูุณุงููุง ุฒูู ุงุฒ ูุฌูุฏ ฺฉุฑููุง ูุฑูุณ ุฎู ุฎูุดุญุงู!! ((ฺฏุฒุงุฑุดูุง ูฺฏู ฺฉ ุชุฑููู ูุชุฑ ูฺฉุนุจ ุงุฒ ูุฒุงู ุฏ ุงฺฉุณุฏ ฺฉุฑุจู ฺฉู ุดุฏู )) pic.twitter.com/k5yOkYSPzG
101,2020-03-24 16:22:02+00:00,ุจุฑุงุฏุฑุงู ูุฎูุงูุฑุงู ุุนุฒุฒุงู ฺุฑุง ูุฑูุณ ฺฉุฑููุง ุฑุง ุฌุฏ ูู ฺฏุฑ ุุขูุงุงู ุุฎุงูููุง ุฌูุชู ูููุง ุุงูุงู ููุช ุฎุฑุฏ ูุณุชุุจุฎุฏุง ฺฉุฑููุง ุฎุทุฑูุงฺฉ ุงุณุชุ ูุฑุฏ ุฎุฑุฏ ุดุจ ุนุฏ ุง ุนุฏ ุฏุฏู 
102,2020-03-24 12:52:20+00:00,ุฑฺฉูุฑุฏ ูุจุชูุงุงู ุจู ฺฉุฑููุง ุดฺฉุณุช ูุงุฒ ฑทฐฐ ููุฑ ุนุจูุฑฺฉุฑุฏุ ุจุง ูุฌูุฏ ุงูฺฉู ุงูฺฏูุณ ูุงููุงู ูู ุฏุฑ ุณุงุณุช ูุจุงุฑุฒู ุจุง ูุฑูุณ ุชุฌุฏุฏ ูุธุฑ ฺฉุฑุฏู ููุฑูุทูู ุฑุง ุฏุฑ ุงูููุช ูุฑุงุฑ ุฏุงุฏู ุงูุฏุ ูู ูุฑุบ ุฏููุช ฺฉ ูพุง ุฏุงุฑู! ุญุฏุงูู ุงุฌุงุฒู ุฏูุฏ ุงุณุชุงููุง ุฏุฑ ุจุงุฑู ููุน ูุฑูุทูู ุฎูุฏุดุงู ุชุตูู ุจฺฏุฑูุฏุ ุชุฌุฑุจู ฺฉุฑูุงู ูุจูุดูุฑ ูููู ุจูุฏู pic.twitter.com/BM0n7dgomP
103,2020-03-23 21:02:18+00:00,ุงู ููุงูู ฺููู #ฺฉุฑููุง_ูุฑูุณ ุฌุฏุฏ ุฑู ุฏูู ู ููุฑุงู ุจุง ุฌุฒุฆุงุช ุงุฒ ุฏุฏฺฏุงู ุชฺฉุงูู ุจุฑุฑุณ ฺฉุฑุฏู ู ูุชุงุฌุด ูุฑฺฏููู ุฏุณุชฺฉุงุฑ ุงุญุชูุงู ุฏุฑ ฺููู ูุฑูุณ ุฑู ุฑุฏ ฺฉุฑุฏู. 
104,2020-03-23 08:57:22+00:00,"ุฑูุณู ุจุดุชุฑ ุงุฒ ตฐฐ ุดุฑ ุฑุง ุฏุฑ ุฌูุงุฏู ูุง ุฑูุง ฺฉุฑุฏู , ุชุง ุงุทููุงู ุญุงุตู ฺฉูุฏ ฺฉู ูุฑุฏู ุฏุฑ ุทููู ุดูุน ุจูุงุฑ ฺฉุฑููุง ูุฑูุณ ุงุฒ ุฎุงูู ูุง ุดุงู ุจุฑูู ูุฑููุฏ , "
105,2020-03-26 19:33:37+00:00,#ุญุงุฌ_ูุฑูุฒ ุฌูุช ุญูุธ ุณูุงูุช ุดูุฑููุฏุงู ุจู ุนูุช ุดูุน ูุฑูุณ #ฺฉุฑููุง ูุฌูุฒ ุจู ฺฉุงุฑุชโุฎูุงู ุดุฏ. ุนฺฉุณ: ุฒูุฑู ุณูุทุงู pic.twitter.com/Wvd07WOjz6
106,2020-03-25 18:34:40+00:00,ุงูุงุฎุฑ ุฎุฑุฏุงุฏูุงู ุณุงู นน ุฑููุฏ ุงูุฒุงุด ูุจุชูุงุงู ุจู ูุฑูุณ ฺฉููุฏ ฑน ุฑุง ุฏุฑ ฺฉุดูุฑ ุดุงูุฏ ุจุงุดู. ุฏุฑ ุงู ุตูุฑุชุ ูพุดโุจู ูโุดูุฏ ุงูุงุฎุฑ ุฎุฑุฏุงุฏูุงู ุฑูุฒุงูู ุญุฏูุฏ ทฐฐ ูุฒุงุฑ ููุฑ ูุจุชูุง ุจู ฺฉุฑููุง ุฏุฑ ฺฉุดูุฑ ุฏุงุดุชู ุจุงุดู ฺฉู ุชุนุฏุงุฏ ุจูุงุฑุงู ุชุง ุขู ุฒูุงู ุจู ุญุฏูุฏ ด ูููู ููุฑ ุฎูุงูุฏ ุฑุณุฏ!
107,2020-03-25 13:37:43+00:00,ุจุนุฏ ุงุฒ ุจุฑุฏุงุดุชู ุดุฏู ุชุญุฑููุง ุฏฺฏู ูุดู ูุฑูุณ ูุจุงุฑฺฉ ฺฉุฑููุง ู ุฏฺฏู ุญุฑู ุงุฒ ุจูุชุฑูุฑุณุช ูุฎูุงูู ุดูุฏ ุ ูุดู ูููู ูุฑูุณ ุฎูุงุดูุง:)))
108,2020-03-25 09:04:15+00:00,ูพุฑูุฑุฏ ุฏุณุชูุฑูุด: ุจูุชุฑ ุงุณุช ุจุง ูุฑูุณ ฺฉุฑููุง ุจูุฑู ฺฉู ุญุฏุงูู ุบุฑูุฑู ุญูุธ ูโุดูุฏ ุงูุง ุงุฒ ฺฏุฑุณูฺฏ ูุฑุฏู ุณุฑุงูฺฉูุฏฺฏ ุงุณุช.!
109,2020-03-25 03:50:43+00:00,ุชูุงู ฺฉุดูุฑูุง ุจุงูุง ูุณุช ุฏุฑฺฏุฑ ุจุง #ูุฑููุง ฺฉุดูุฑูุง ุชูุณุนู ุงูุชู ูุณุชู ุจู ุฌุฒ ุงุฑุงู. ฺุทูุฑ ูุดู ุชูุฌูุด ฺฉุฑุฏุ -ุถุนู ุณุณุชู ุชุดุฎุต ูุง ุนุฏูโฺฏุฒุงุฑุด ุงุจุชูุง ุฏุฑ ฺฉุดูุฑูุง ุฏฺฏู. -ุชุฑุงฺฉู ุฌูุนุช ููุงุตูู ุงุฌุชูุงุน. -ุชุฆูุฑ ุชูุทุฆู ุชูุฒุน ูุฏูููุฏ ูุฑูุณ. -ุงุฑุชุจุงุทุงุช ุจุดุชุฑ ุจู ุงูููู ุฎุตูุตุง ุจุง ฺู. ูฺ ฺฉุฏูู ูุงูุนู ูู ฺฉูู 
110,2020-03-25 00:37:58+00:00,"ูู-ุงุจฺฉุงุณุณุ ฺฉุงูุฏุฏุง ูุฒุงุฑุช ุจูุฏุงุดุช ุฑฺู ุตูููุณุช ุฏุฑ ฺฏูุชฺฏู ุจุง ุฑุงุฏู ุงุฑุชุด ุงุณุฑุงุฆู ฺฏูุช: ""ุจุงุฏ ุณุงุฏู ููุญ ูุจุงุดูุ ู ุฏุงูู ฺฉู ูุฑูุณ ฺฉุฑููุง ุจู ุฏูู ุฌูฺฏ ุจูููฺฺฉ ุณุงุฎุชู ุดุฏู ุงุณุช. ุงู ฺฉ ูุฑูุณ ุขุฒูุงุดฺฏุงู ุจูุฏ ฺฉู ุจู ุจุฑูู ุฏุฑุฒ ฺฉุฑุฏ"" ุฒุจุง ูุณุชุ ุจุนุฏ ูฺฏู ฺุฑุง ูฺฏุฏ ูุฑฺฏ ุจุฑ... "
111,2020-03-24 23:30:48+00:00,ุงู ุฏุฎุชุฑ ููู ฺฉู ฒท ูุงูุดู ูฺฉุฑ ูฺฉูู ุณุทุญ ุฏุฑฺฉุด ุงุฒ ฺฉุฑููุง ุจู ุงูุฏุงุฒู ุฎู ุงุฒ ูุฑุฏู ูุณุช ฺฉู ุฑุนุงุช ููฺฉูู #ูุฑูุทูู #ฺฉุฑููุง_ูุฑูุณ 
112,2020-03-24 23:13:33+00:00,ุงุญุชูุงูุง ุชุง ถณูช ุงุฑุงูุงู ูุจุชูุง ุจู ฺฉุฑููุง ุฎูุงููุฏ ุดุฏ ๐นฺฉุงุฑฺฏุฑูู ุงูพุฏููููฺ ูุฒุงุฑุช ุจูุฏุงุดุช ุงุฑุงู ุงุนูุงู ฺฉุฑุฏ: ุฏุฑ ุตูุฑุช ุฏุณุชโ ูุงูุชู ุจู ุฑูุดโูุง ุฏุฑูุงู ุฌุฏุฏุ ูุงฺฉุณู ู ุซุจุงุช ูุฒุงู ูุณุฑโ ุจูุฏู ู ุจูุงุฑโุฒุง ูุฑูุณุ ุฑููุฏ ุทุจุน ุงู ุจูุงุฑ ุฏุฑ ุณุงูโูุง ุขูุฏู ุฏุฑ ุงุฑุงู...โฌโฌโฌ http://phana.ir/fa/doc/news/27055 pic.twitter.com/e9QQgz2mZK
113,2020-03-24 23:06:33+00:00,ุขุง ุดูุง ููุงูู ุจุฑุฏุงุดุชู #ุชุญุฑู ูุง ุจู ุตูุฑุช ูููุช ุจุฑุง ฺฉูฺฉ ุจู ุงุฑุงู ุฏุฑ ุฑุงุณุชุง ูุจุงุฒู ุจุง #ูุฑูุณ_ฺฉุฑููุง ูุณุชุฏุ Are you agree with lifting sanctions on Iran for a limited time to help Iran to cope with #COVID19 ? #coronavirus #ฺฉุฑููุง #COVIDSanctionsLie #COVIDSanctions #ุฑุชูุช #retweet
114,2020-03-24 20:54:47+00:00,ุดูุง ุจุฎุงุทุฑ ฺฉุฑููุง ูุฑูุณ ุจู ููู  ููุช ฺู ูุญุด ูุฏู ููุฎูุงุฏ ุจู ููุงุณุจุช ุฑูุฒ ููุงุจูู ุจุง ุชุจุนุถ ูฺุงุฏ ูพุฑููุงู ุนูุถ ฺฉู
115,2020-03-24 19:45:34+00:00,ฺฉุฑููุง ูุดูู ุฏุงุฏ ฺฉู ุจุดุฑ ุญุช ุฏุฑ ูุฑู ุจุณุช ู ฺฉ ุฏุฑุณุช ุชู ุฒูุงู ฺฉู ุญุณ ุงุจุฑูุฏุฑุช ุฏุงุฑู ู ุงูฺฉุงุฑ ุงููุงูุณุช ุจูุด ุงุฌุงุฒู ูุฏู ุฎูุฏุดู ุฎุฏุง ุฌูุงู ู ุทุจุนุช ุจุฏููู ฺูุฏุฑ ููุงุจู ู ูุฑูุณ ูุชููู ูุงุชูุงู ุจุดู ูุฑูุณ ฺฉู ุงฺฏุฑ ูุฏุฑุช ฺฉุดูุฏฺฏุด ุจู ุงูุฏุงุฒู  ุดูุนุด ุจูุฏ ุฒูู ุฑู ุงุฒ ููุซ ุจุดุฑ ูพุด ุงุฒ ูพุฏุงุด ูุฑ ูุงฺฉุณู ูพุงฺฉ ูฺฉุฑุฏ!
116,2020-03-24 09:04:45+00:00,... ุจุดโุชุฑ ุงู ฺฉุดูุฑูุงุ ุชููุง ุฏู ููุชู ุงุณุช ฺฉู ุจุง ูพุงูุฏูู ุฑูุจูโุฑู ุดุฏูโโุงูุฏ ุงูุง #ฺู ุฏุณุชโฺฉู ุญุฏูุฏ ุณู ูุงู! (ู ุงูุจุชู ุฎู ุจุดโุชุฑ) ุฏุฑฺฏุฑโ ุดูุน ฺฉุฑููุง ุจูุฏูุ ุขุง ูููุฒ ูฺฉุฑ ูโฺฉูุฏ ูุฑฺฉุฒ #ูุฑูุณ_ฺู ุจุง ฺฉโูพูุฌู ุฌูุนุช ฺฉู ุฌูุงู ุชููุง ธฐ ูุฒุงุฑ ููุฑ ูุจุชูุง ุฏุงุฑุฏุ ... ท/ฒต
117,2020-03-24 09:04:41+00:00,ุขุง ฺฉุฑููุง ุฏุฑ ฺู ููููโูุง ููุฑ ุฑุง ฺฉุดุชู ุงุณุชุ / #ุฑุดุชูโุชูุช ุชุญูู ู ููุตู ฺู ุงู ููุชู ูุฏุน ุดุฏ ฺฉู ุงุจุชูุง ุจู #ฺฉุฑููุง_ูุฑูุณ ุฑุง ุจู ุตูุฑ ุฑุณุงูุฏู ู ุฏฺฏุฑ ูฺ ููุฑุฏ ุงุจุชูุง ุฌุฏุฏ ุฑุง (ุชุง ุฏุฑูุฒ) ฺฏุฒุงุฑุด ูฺฉุฑุฏ. ููโุฒูุงู ฺฏุฒุงุฑุดโูุง ุชุงุฏุดุฏู ูโฺฏููุฏ ฺฉู #ฺู ุจูโุดุฏุช ุฏุฑ ุญุงู ุฏุฑูุบโูพุฑุฏุงุฒโุณุช ... ฑ/ฒต
118,2020-03-24 08:35:11+00:00,โซ๏ธูุนุงุฑูุง ุงุชุงูุง ุจุฑุง ุฏุฑูุงู ูุจุชูุงุงู ุจู ูุฑูุณ ฺฉุฑููุง: โซ๏ธุณู ุจุงูุง ธฐ =&gt; ุงุญุงุก ุงูุฌุงู ูุดูุฏ. โซ๏ธุณู ทฐ-ธฐ ุงฺฏุฑ ุดุฎุต ูุจุชูุง ุจู ุฏุงุจุชุ ูุดฺฉู ููุจุ ุจูุงุฑ ฺฉูู ูุฒููุ ูุดฺฉูุงุช ุฑู ุงุณุช =&gt; ุงุญุงุก ูุดูุฏ. โซ๏ธููุชูุงุชูุฑ ููุท ุจุฑุง ฺฉุณุงู ฺฉู ุดุงูุณ ุจุงูุง ุจุฑุง ุฒูุฏู ูุงูุฏู ุฏุงุฑูุฏ ุงุณุชูุงุฏู ุดูุฏ. pic.twitter.com/MNLPb3j6Ke
119,2020-03-24 07:56:28+00:00,ุฏ ฺซูู ุฎุจุฑู ุงฺุงูุณ ุฏ ุฑุงูพูุฑ ูู ูุฎ ุณุนูุฏู ุนุฑุจุณุชุงู ฺฉ ุฏ ฺฉุฑููุง ูุฑูุณ ตถฒ ูุซุจุช ูพฺ ุซุจุช ุดู ุฏู ฺ ูู โโโโโโฺู  ฑน ุชูู ุฑูุบ ุดูู. 
120,2020-03-23 09:51:54+00:00,#ุฏููุช ูุณุฆูู ุงุฏุงูู ุดูุน ูุฑูุณ #ฺฉุฑููุง ุฎูุงูุฏ ุจูุฏ. ูพุงุณุงฺูุง ุชุนุทู ูโุดููุฏุ ุงูุง ุงุฏุงุฑู ู ุจุงูฺฉโูุง ููฺูุงู ุจุงุฒ ูุณุชูุฏุ ุขูโูู ุงุฒ ูพูุฌ ูุฑูุฑุฏู. ุฏููุช ุนูุงููโุง ุจู ูุทุน ุฒูุฌุฑู ุดูุน ูุฏุงุฑุฏ. ุจุง ูุง ุณุฑ ุดูุฎ ุฑุง ุจุงุฒ ฺฉุฑุฏูโุงูุฏ. ุญูุตูู ูุฏุงุฑู ุงุณุชุงุฏ!
121,2020-03-25 00:32:18+00:00,ุฏุฑ ุญููุช ฺฉุดูุฑูุง ูุงุฏุฑ ูุณุชูุฏ ฺฉู ุงูฺฉุงู ุณุงุฎุช ุฏุณุชฺฏุงู ููุชูุงุชูุฑ ู ุฏุณุชฺฏุงู ุฑู ูุตููุน ุฏุงุฑูุฏ ู ูุณููุง ุงุฑุงู ูุงูุฏ ุณุงุฎุช ุงู ุชุฌูุฒุงุช ุณุงุฎุช ุงู ุฏุณุชฺฏุงู ูพุฒุดฺฉ ุงุณุช. ุขุง ุจุง ุขูุงุฑ ู ุฌูุด ู ุจุงูุง ฺฏุฑูุชู ุงู ูุฑูุณ #ฺฉุฑููุง ุชูุงู ุจูุงุฑุณุชุงู ูุง ูุง ูุงุฏุฑ ุจู ุฎุฑุฏ ุงู ุฏุณุชฺฏุงู ูุณุชูุฏ ุฌูุงุจ ุขูุง ูุฒุฑุ #ุดูุงู
122,2020-03-24 22:45:32+00:00,#ฺฉุฑููุง #ุฎุงูููโุง_ูุฑูุณ
123,2020-03-24 21:41:24+00:00,ูุดฺฉูุงุช ูพุณ ุงุฒุณู ูุฑุงูฺฏุฑ19ุฏูุงู1398ูุจุญุจูุญู ูุฑูุณ ูุฑุงูฺฏุฑ ุจุงุฑ ุฏฺฏุฑ ุณู ูฺฉุฑุฑ ููุณูุฑ ฺฉููุฏ19ุจู ุฌุงู ููุงู ูุฑุฏูุงู ุจ ุฏูุงุน ุขุณุจ ุฏุฏู ุถุฑุจู ุฒุฏ ูุฑุฏูุงู ุณุฑุฒูู ฺฉู ุจุฑุง ุญูุธ ุฌุงู ุฎูุฏุงุฒุงู ูุฑูุณ ูููฺฉ ุจู ุณุฑูพูุงู ุฎูุฏ ูพูุงู ุขูุฑุฏู ุจูุฏูุฏุณู ูุฎุฑุจ ุชฺฉุฑุงุฑ ุณู ูพุดู 1399/1/4 ุณุฑูพูุงู ุฑุงูุฑุงูู ฺฉุฑุฏ#ุณู#ฺฉุฑููุง 
124,2020-03-24 18:37:47+00:00,ุจุนุถ ูุง ุจุง ฺฉุฑููุง ูููุงุฒ ุดุฏู ูุซู ุจุนุถ ูุง ฺฉู ุฏุฑ ุจุฏุชุฑู ุดุฑุงุท ุจูุฏุงุดุช ุ ุบุฐุง ุฑู ูพุฏุง ู ฺฉููุฏ ู ุจุฑุงุญุช ูุฎูุฑู ู ูฺฉุฑูุจูุง ุฏุฑ ุขููุง ุงุซุฑ ููู ูุฏุงุฑู . ุฏุฑ ูุงูุน ุจุง ูุฑูุณูุง ููุฒุณุช ูุณุงููุช ุขูุฒ ุฏุงุฑู.ุฎูุฏุดูู ูุดฺฉู ูุฏุงุฑูุฏ ูู ูุงูู ูุฑูุณ ูุณุชุชุฏ .
125,2020-03-24 17:20:40+00:00,ุงุฒ ฺฉูฺู ูพุณ ฺฉูฺู ูุง ุฏูุง ูุงู ฺฏุฑูุชุงุฑ ูุง ู ุฏุฑ ฺฏุฑ ูุง ุณุฑุฒููู ๐ ุจุง ุณู ู ูุฑูุณ ฺฉุฑููุง ุจ ุดูุฏุง ููุชูุงู ฺฏุฐุดุช ุชููุงูุงู ูุฒุงุฑ ุณุฑุฏุงุฑ๐ ูุฏุงูู ุจ ุงูุชูุง ุชู ู ุงุฑุงู ุดูุฏุช ุบุฑุช ู ุจุฒุฑฺฏ ุชุงู ุฑุง ูพุงุงู ูุณุช ุฏุณุชูุงู ุฑุง ุจฺฏุฑุฏ๐ 
126,2020-03-24 16:29:33+00:00,ุฏฺฉูุฏูุงุฑ ฺฉ ุฏ ฺฉุฑููุง ูุฑูุณ ูุฎูููุ ููุง ุงู ุนุงูู ูพููุงูู ูพู ููุฎู ุฏ ุฏูุง ูพุงุด ูฺ ูพูู ุณูู ุฎู ุฏ ููููุฏ ุฏ ุนุงูู ุฑูุบุชุง ูุณููู ุชุฑุงูุณู ุจุฏู ุฏู. 
127,2020-03-24 13:25:57+00:00,ูพูุณุชู ุงุฑุงู ุจู ุชู ฺฉุงุฑุขุฒูุง ุจุงููดุฏุงุฑู ฺฉุฑููุง ุฏุฑ WHO ุณุงุฒูุงู ุฌูุงู ุจูุฏุงุดุช(WHO)ุงุฒ ฺฉุงุฑุขุฒูุง ุจุฒุฑฺฏ ุจุงูู ุฑู ฺูุงุฑ ุฏุงุฑู ุจุฑุง ุฏุฑูุงู ฺฉุฑููุง ุฎุจุฑ ุฏุงุฏู ุงุณุช. ุงู ุฏุงุฑููุง ุดุงูู: 1.ุชุฑฺฉุจ ุฏุงุฑู ุจุฑุง ุฏุฑูุงูHIV 2.ุฏุงุฑู ูุงูุงุฑุง(chloroquineูhydroxychloroquine) 3.ุฏุงุฑู ุถุฏ ูุฑูุณ ุงุจููุง(remdesivir) 
128,2020-03-24 13:23:02+00:00,ูุฑูุณ ูุง ฺฉุฑููุง ุฏุฑ ุงูุชุธุงุฑ ุจุงุฒฺฏุดุช ูุณุงูุฑุงู ููุฑูุฒ pic.twitter.com/E2stabGZA9
129,2020-03-24 12:37:40+00:00,๐ฐ ุงุณููุฏ ุงุฒ ุฌููู ฺฉุดูุฑูุง ุงุณุช ฺฉู ุงุฒ ุฏุฑุตุฏ ุจุงูุง ุงุฒ ุดูุฑููุฏุงูุด ุชุณุช ฺฉุฑููุง ฺฏุฑูุชู ุงุณุช. ูุชุงุฌ ุงู ุชุณุช ูุดุงู ุฏุงุฏู ุงุณุช ฺฉู ูู ุงุฒ ฺฉุณุงู ฺฉู ูุชุฌู ุขุฒูุงุด ุขูุงู ูุซุจุช ุจูุฏู ุงุณุช ูุงูุฏ ูุฑฺฏููู ุนูุงูุช ุงุจุชูุง ุจู ูุฑูุณ ฺฉููุฏ 19 ุจูุฏู ุงูุฏโฆ https://www.instagram.com/p/B-Hdta8HkV0/?igshid=1j97redkxai5e
130,2020-03-24 11:40:53+00:00,ุงุฒ ูุฑ ฺฉ ุฏุฑุจุงุฑู ฺฉุฑููุง ููพุฑุณู ูฺฏู ูุจูุง ูู ุนูุงุฆูุด ุฑู ุฏุงุดุชู ู ุฎูุจ ุดุฏู ุงุญุชูุงูุง ุงูุง ฺฉู ุฏุงุฑู ูฺฏุฑู ุจุฑุง ุจุงุฑ ุฏูู ูฺฏุฑู ุชุง ุญุณุงุจ ุฏุฑ ุจุฑุงุจุฑ ูุฑูุณ ููุงูู ุดู
131,2020-03-24 11:03:50+00:00,ฺฉุฑููุง ุงุฒ ููุช ุขูุฏูุ ููู ุฑุง ูฺฏุฑุงู ฺฉุฑุฏูุ ุชูุงู ุฏููุชโูุง ุฑุง ุฒููโฺฏุฑ ฺฉุฑุฏูุ ุชฺฉููููฺ ุฑุง ุจโุงููุช ฺฉุฑุฏู ู ุงูฺฉุงุฑ ุฌูุงู ุฑุง ุจู ุฎูุฏ ูุดุบูู ฺฉุฑุฏู.โุงู ูุฑูุณ ุชูุงู ุฑูุงุฑู ุจุง ุจูุงุฑ ุฑุง ูุฏุงุดุชู. ุจูุงุฑ ุขูุฏู ู ุฒุจุงโูุง ุฎูุฏ ุฑุง ุจู ููุงุด ฺฏุฐุงุดุชู ุงุณุช. ุขูุฑู ุจู ุจูุงุฑ ุฒุจุง
132,2020-03-24 09:45:30+00:00,#ฺฉุฑููุง_ูุฑูุณ #ฺฉุฑููุง 
133,2020-03-24 07:54:52+00:00,ูุฒุฑ ุฎุงุฑุฌู #ูพุงฺฉุณุชุงู ุฏุฑ ูุงูู ุง ุจู ุฌูุณุจ ุจูุฑู ูุณุฆูู ุณุงุณุช ุฎุงุฑุฌ ุงุชุญุงุฏู ุงุฑููพุง ุชุงฺฉุฏ ฺฉุฑุฏ ุงุฑุงู ุจู ุฏูู ุชุญุฑู ูุง ุจุง ูุญุฏูุฏุช ูุง ุฌุฏ ุจุฑุง ููุงุฑ ุดูุน ฺฉุฑููุง ุฑูุจุฑูุณุช. ุดุงู ูุญููุฏ ูุฑุด ุงูุฒูุฏ: ูุง ฺุงูุด ูุง ูพุด ุฑู ุฌูููุฑ ุงุณูุงู ุงุฑุงู ุฏุฑ ูุณุฑ ููุงุจูู ุจุง ูุฑูุณ ฺฉููุฏ-ฑน ุฑุง ุจู ุฑุณูุช ู ุดูุงุณู. pic.twitter.com/TZ9uQRQ8Ig
134,2020-03-24 07:25:16+00:00,โฆ๏ธฺู ุชุนุฏุงุฏ ุงุฒ ุงุฑุงู ูุง ฺฉุฑููุง ุฎูุงููุฏ ฺฏุฑูุชุ ฺฉุงุฑฺฏุฑูู ุงูพุฏููููฺ ูุฒุงุฑุช ุจูุฏุงุดุช ุงุฑุงู ฺฉู ูุนุชุจุฑู ฺฉุงฺฏุฑูู ุฏุฑ ุงู ุฒููู ุงุณุช ู ูุชุงุฌ ฺฉุงุฑูุงุด ูุนุงุฑ ุชุนู ุณุงุณุชโูุง ฺฉุดูุฑ ุฎูุงูุฏ ุดุฏุูโฺฏูุฏ ุฏุฑุตูุฑุชโฺฉู ูุงฺฉุณู ุง ุฏุฑูุงู ุจุฑุง ุงู ูุฑูุณ ูพุฏุง ูุดูุฏ ุญุฏูุฏ ถณ ุฏุฑุตุฏ ุงุฑุงูุงู ุจู ุงู ูุฑูุณ ูุจุชูุง ุฎูุงููุฏ ุดุฏ pic.twitter.com/DcJiz8KF32
135,2020-03-23 20:10:16+00:00,ูุถุนูุช ุฑุดุฏ ุดููุน ููุฑูุณ #ูุฑููุง ุฏุฑ ุงูุฑุงู... ูููุทู ูุทูุง ููู ุชุฃูู ูู... 
136,2020-03-23 18:08:54+00:00,ฺุทูุฑ ูโุดู ุฌูู ุงูุชุดุงุฑ ูุฑูุณ #ฺฉุฑููุง ุฑู ฺฏุฑูุชุ ุชู ูฺฏู ููู ุจู ุฌูฺฏูุฏ ู ุฒ ุตูุญ ูู ฺู ุญุงุตู ุชู ฺฉ ููโุง ูุฒุงุฑุ ุชู ฺุฑุงุบ ุฎูุฏ ุจุฑุงูุฑูุฒ ุจู ุฑูุงุช ุชุตูุฑ: (ุจุง ุชุดฺฉุฑ ุงุฒ @ImanYari )
137,2020-03-23 16:57:15+00:00,ุจุง ุชูุฌู ุจู ุงูุงุฑ ูุจุชูุงุงู ู ุชููุงุช #ฺฉุฑููุง ุฏุฑ ฺฉุดูุฑูุง ฺูู ุงุชุงูุงุ ฺฉุงููุง ูุดุฎุต ุงุณุช ฺฉู ุญฺฉููุช ุชูุชุงูุชุฑ ูุงููุฏ ฺู ุชุง ฺู ุงูุฏุงุฒู ุฏุฑ ุขูุงุฑ ุฏุณุช ุจุฑุฏู ู ุฏูุง ุฑุง ูุฑุจ ุฏุงุฏู. ฺฉุดูุฑ ฺฉู ูุจุชูุงุงู ุฑุง ุฒูุฏู ุฒูุฏู ุฏุฑ ฺฏูู ู ฺฉูุฏ ู ู ุณูุฒุงูุฏ ูุทุนุง ูู ุฏุฑ ฺฏุณุชุฑุด ุงู ูุฑูุณ ู ูู ุฏุฑ ูุฑุจ ุฏูุง ุณูฺฏ ุชูุงู ฺฏุฐุงุดุชู
138,2020-03-23 13:03:07+00:00,#ุฎุจุฑ_ููู ูพูููพุฆู: ุจ ูุณุฆููุช ุนู ุฎุงููู ุง ู ุฏุฑูุบฺฏู ุงู ุฏุฑ ููุฑุฏ #ูุฑูุณ_ฺฉุฑููุง ุฌุงู ููู ูุง ุฑุง ุจู ุฎุทุฑ ู ุงูุฏุงุฒุฏ. #KhameneiVirus
139,2020-03-23 10:45:22+00:00,ฺฺฏููู ุจุง ุงุณุชูุงุฏู ุงุฒ ุฑุงุงูู ุดุฎุต ุฎูุฏุ ูุฑูุณ ฺฉุฑููุง ุฑุง ุดฺฉุณุช ุฏููุ ุงฺฏุฑ ุดูุง ูู ุฏุฑุจุงุฑู ุดูุน ูุฑูุณ ฺฉุฑููุง ูฺฏุฑุงู ูุณุชุฏ ุจุฏุงูุฏ ฺฉู ุชููุง ูุณุชุฏ ูพุณ ูุงุฑุงุญุช ูุจุงุดุฏ ฺูู ฺฉ ุณุฑ ูฺฉุงุช ูุฌูุฏ ุฏุงุฑุฏ ฺฉู ุจู ุดูุง ฺฉูฺฉ ู ฺฉูุฏ ุจุง ฺฉุฑููุง ุจุฌูฺฏุฏ...ุฏุฑ ุจุงุฑุชุฒ ุจุฎูุงูุฏ https://bit.ly/2Ut6Hgl pic.twitter.com/ITSNpICRnH
140,2020-03-24 12:33:17+00:00,ุงุฌุฑุชุงู ุจุง ุฎุฏุง #ฺฉุฑููุง_ูุฑูุณ 
141,2020-03-24 12:02:31+00:00,ูุณุฆูู ุทุฑุญโูุง ููุงุจูู ุจุง ฺฉุฑููุง ุฏุฑ ฺู: ูููโฺฏุฑ ูุฑูุณ ฺฉุฑููุง ุฏุฑ ุงุฑููพุง ุชุง ุฏู ุณุงู ุงุฏุงูู ุฏุงุฑุฏ. ุชููุง ุฑูุด ููุงุจูู ุจุง ฺฉุฑููุง ุชุนุทู ฺฉู ุฌูุงู ุจู ูุฏุช ด ููุชู ุงุณุช. ูุงฺฉูุด ุฑูุญุงู:๐
142,2020-03-24 09:57:50+00:00,ูุถู ููุงูู2015โ ูฺุฑ ู ููุงูุงุช ุจุนุฏ ูุณูุชฑ ูพูุชุงฺฏูู ูููุฒ ุฑูฒุฎุท ฺฉุงุฑ ูโฺฉูู: ฑ) ุงูุชุณุงุจ ฺฉ ุจูุชุฑูุฑุณู ุขุฎุฑุงูุฒูุงู ู ูุงุจูุฏฺฉููุฏู 2020 (ุฎูุฏุฒู ูุดุช ูุฑูุณ) ุจู ุฎูุฏ ฺู ฺฉู ูุตูโุง ุจูุฏู ุฏุฑ ฺฉ ฺฉุชุงุจ ุขูุฑฺฉุง ุจุฑุง ุดูุฑู ู ูพุณ ุงุฒ ูุฑููพุงุด ูุฑุงุดโฺฉุฑุฏูุฏ ุจุฑุง ฺู #ุจูุชุฑูุฑุณู_ฺฉุฑููุง #Covid19Bioterrorism
143,2020-03-24 07:36:12+00:00,ฺฉุงุด ูุดุฏ ุจุดูู ููุทู ุจุง ูุฑูุณโ ฺฉุฑููุง ุตุญุจุช ฺฉูู
144,2020-03-24 06:51:54+00:00,ุงุชุงู ุฌูฺฏ ููุท ููุถูุนุด ุนูุถ ูุดู ุฏุฑูุฒ *ุฌูฺฏ ุณุฎุช* ุจุง ูุฑููุง ุฏุดูู ุงูุฑูุฒ *ุฌูฺฏ ุจุง ฺฉ ูุฑูุณ* ุณุงุฎุชู ุดุฏู ุจู ุฏุณุช ุฏุดูู ุงูุง ุจุณุฌ ูุง ุจุงุฒ ูู ุฏุฑ ูุฏุงู ุ ุจ ุฎุงู ููู  ูุงููุงูุงุช ู ุจุฏ ุฎูู ูุง *ููุท ุจุฑุง ุฎุฏุง* #ฺฉุฑููุง 
145,2020-03-24 06:42:44+00:00,ุฏุฑ ููุงุจู ฺฉุฑููุง ูุง ุชูุงุดุงฺูุง ุฏุณุช ู ูพุง ุจุณุชู ุจฺุงุฑู ูุณุชู!!ุจุฑุง ุจุฑุฏู ุจุงุฒ ุฏูุงุน ฺฉุฑุฏู ุชููุง ฺฉุงู ูุณุช!! ุจุงุฏ ุจุตูุฑุช ุชูุงุฌู ุจู ฺฉุฑููุง ูุฑูุณ ุญููู ฺฉูู!! 
146,2020-03-24 05:10:37+00:00,ุขูุงุฑ ูุจุชูุงุงู ุจู #ฺฉุฑููุง_ูุฑูุณ ุจู ุตูุฑุช ุฑูุฒุงูู ุฏุฑ ูพูุฌ ุงุณุชุงู #ุชูุฑุงู #ุงุตููุงู #ุฒุฏ #ูุงุฒูุฏุฑุงู #ูู ุฏุฑ ุจุนุถ ุงุฒ ุฑูุฒูุง ุขูุงุฑ ูุจุชูุงุงู ุงุฒ #ุชูุฑุงู ูู ุจุดุชุฑ ุจูุฏู ฺฏุฒุงุฑุด ูุง ุฌุงูุจ ุขูุงุฏู ุฎูุงูู ฺฉุฑุฏ #COVID19 #COVIDใผ19 #StayAtHomeSaveLives #COVID2019 #PowerBI
147,2020-03-24 00:42:27+00:00,ููู ุงูุงู ูุทูุน ุดุฏู ฺฉู ฺฉ ุงุฒ ุฌูโูุง ุฏุดูู ุฏุฑ ุงุฑุงู ุจู #ูุฑูุณ_ฺฉุฑููุง ูุจุชูุง ุดุฏู ุงุณุช
148,2020-03-23 22:34:55+00:00,ุชู ฺฏุงู ุชฺฉุงูุฑ (ุชู ุฎูุฏุฌูุด ู ุขุชุด ุจู ุงุฎุชุงุฑ) ุจุฑุง ููุงุจูู ุจุง ูุฑูุณ ฺฉุฑููุง ุงูุฏุงู ุจู ูพุงฺฉุณุงุฒ ู ุถุฏุนููู ูฺฉุงู ูุง ู ูุนุงุจุฑ ุนููู ู ุนุงุจุฑ ุจุงูฺฉ ูุง ู... ุฏุฑ ุงุณุชุงู ุงูุจุฑุฒ ู ุฏฺฏุฑ ุงุณุชุงู ูุง ฺฉุฑุฏูุฏ. ูุณุฆูู ุชู ฺฏุงูโฆ https://www.instagram.com/p/B-F8aWMhb0c/?igshid=6gzn282ww2u0
149,2020-03-23 20:10:32+00:00,#ูุฑูุณ_ฺฉุฑููุง #ุชุดุน_ุฌูุงุฒู
150,2020-03-23 18:51:22+00:00,Reposted from who.persian #ููุชุจุงู#ฺฉููุฏฑน#ูุฑูุณ_ฺฉุฑููุง#WHOpersian#COVID19 https://www.instagram.com/p/B-Fjp-GJs81/?igshid=1r3hme5v1gkqh
151,2020-03-23 17:29:54+00:00,ููุช ฺฉู ุชูุงู ุฑูุจุฑุงู ูุฐุงูุจ ุฏูุง ุจุฎุงุทุฑ ุชุฑุณ ุงุฒ ูุฑูุณ ฺฉุฑููุง ูุชูุณู ุจู ุฏุงูุดููุฏุงู ู ูพุฒุดฺฉุงู ูโุดูุฏ #KhameneiVirus
152,2020-03-23 16:35:55+00:00,ุฑุถุง: ุฌูฺฏ ุฌูุงู ุณูู ุฌูฺฏ ุณูุงูุช ู ุจู ุฌุง ุจูุจ ุงุชู ูุฑูุณ ฺฉุฑููุง ุงุณุช https://www.ilna.news/fa/tiny/news-889798
153,2020-03-23 16:05:56+00:00,#KhamaneiVirus ูุฑูุณ ุชู ฺฉุฑููุง ุงุฏุงุชู ุฏุฑ ูุงุฑู 
154,2020-03-23 14:48:27+00:00,ฺุฑุง #KhameneiVirus ุ ูุฑูุณ ฺฉุฑููุง ุงูุงู ุจููู ูุงุฑุฏ ฺฉุดูุฑ ุดุฏ ู ุทุจู ุงุฏุนุง ุญฺฉููุช ุฏุฑ ุงู ุฏู ูุงู ฑธฑณ ูุฑุจุงู ุฏุงุดุชู. ุทุจู ฺฏุฒุงุฑุด ุฑูุชุฑุฒ ุฏุฑ ูุงุตูู ฒด ุชุง ฒธ ุขุจุงู นธ ุนู ุท ด ุฑูุฒ ุฑฺู ฑตฐฐ ูุนุชุฑุถ ุฑู ฺฉุดุช. ุญุงูุง ูุฑูุณ ูุงูุน ุฎุงูููโุงุณุช ุง ฺฉุฑููุงุ
155,2020-03-23 14:35:00+00:00,ุฌูุช ุฌููฺฏุฑ ุงุฒ ุขููุฏู ุดุฏู ูพุช ูุง ุจู ูุฑูุณ ฺฉุฑููุงุ ฺฉูุดโูุง ุฑุง ุฏุฑ ูุญู ุบุฑูุงุจู ุฏุณุชุฑุณ ูุฑุงุฑุฏูุฏุ ุชุง ูพุช ุจุฑุง ุจู ฺฉุดุฏูุ ุณูุช ฺฉูุดโูุง ูุฑูุฏ. ููุจุน: ูุจูุงฺฏ ูพุช ุฑุงุฏ . http://www.petride.ir . #ูพุช_ุฑุงุฏ#ฺฉุฑููุง#ูพุช_ุชุงฺฉุณ#ุญูู_ุญูุงูุงุช_ุฎุงูฺฏโฆ https://www.instagram.com/p/B-FGansBgBU/?igshid=ev7xj00f2z4m
156,2020-03-23 14:02:35+00:00,๐ฐููุงูู ุงุณุชุงุฏ ุชุงุฑุฎ ุฏุงูุดฺฏุงู ูฺฉฺฏู ฺฉุงูุงุฏุง ุฏุฑ ุฑูุฒูุงูู ฺฏููุจ ุงูุฏ ูู: ๐ุชุง ุจู ุงูุฑูุฒ ูุฑุฏ ูุฐูุจ ูุจูุฏู ู ุจู ุฏู ูุนูููุง ูฺฏุงู ุชุญูุฑ ุขูุฒ ุฏุงุดุชู. ุชููุง ููุงุฏ ุฏู ุฏุฑ ุงุทุฑุงูู ุญุฌุงุจ ุฒูุงู ูุณููุงู ูุญูู ูุงุณุช. ุงูุง ุงูุงูุ ุฏุฑ ุนุตุฑ ูุฑูุณ #ฺฉุฑููุงุ ุงุญุณุงุณ ูฺฉูู ุชููุง ุจุง ุฏุนุง ุขุฑุงูุด ูโฺฏุฑู #KhameneiTheGreat
157,2020-03-23 13:47:32+00:00,"ฺุทูุฑ ููฺฉู ุงุณุช ุฏุฑ ฺฉุดูุฑ ฺฉู ูพุด ุงุฒ ููู ุฏุฑ ุงุฑููพุง ูุฑูุณ ฺฉุฑููุง ุฏุฑ ุขู ุซุจุช ุดุฏู ุงูุณุงู ูุง ุนูู ูุชุงุฌ ูุฑูุณ ูุตููุช ุฏุงุดุชู ุจุงุดูุฏ""ุ "
158,2020-03-23 12:02:48+00:00,ุนุจุฏุงููู ุฒุงูู ุนุถู ุดูุฑุง ุณุฑุฏุจุฑ ุฎุจุฑฺฏุฒุงุฑ ูุงุฑุณ ูุงุจุณุชู ุจู ุณูพุงู ูพุงุณุฏุงุฑุงูุ ุจุฑ ุงุซุฑ ุงุจุชูุง ุจู ูุฑูุณ ฺฉุฑููุง ุฌุงู ุจุงุฎุช
159,2020-03-23 11:03:40+00:00,ฺฉุฑููุง ุฌุฏู ููุณุฆ! ฺฉฺุฑ ูููฺู ุงูุบุงูุงู ูู ุฏุบู ูุฑูุณ ุณุฑู ุงุฎุชุงุท ููฺฉฺู. ุฎุฏุง ูฺฉฺูุ ุฒูููฺ ุญุงูุช ุจู ูู ฺู ุงู ุงุฑุงู ฺุฎู ูู ุฎุฑุงุจ ุดู. ฺฺฉู ฺ ุฒูููฺู ุณุงุฏู ุชูุจ ุฏุง ฺุงู ฺ ูููฺ ฺฉุฑููุง ูู ูพุฑ ุนูุฏ ูพูุฑู ุชฺู. ฺฉุฑููุง ุฌุฏู ููุณุฆ! 
160,2020-03-23 22:04:59+00:00,ุงู ุชูุฆุช ุจูุฏู ุฏุฑ ุชุงุฏ ุง ุฑุฏ ุงูฺฉู ูุฑูุณ ฺฉุฑููุง ฺฉ ุชุฑูุฑ ุจูููฺฺฉ ุงุฒ ุณู ุขูุฑฺฉุง ุจูุฏู ูุณุช ุตุฑูุง ูุดุงู ูุฏูุฏ ุขูุฑฺฉุง ุณุงุจูู  ุฎุฑุงุจฺฉุงุฑ ุฏุงุฑุฏ ุญุช ุนูู ูุฑุฏู ุฎูุฏ. ุฏุฑ ุชูุฆุช ูุง ุจุนุฏ ููุงูู  ูุดู ุจูุชู ฺฉู ุฏุฑ ูุจุณุงุช ุขูุฑฺฉุง theconversation ููุชุดุฑ ุดุฏู ุฑุง ู ููุณู.
161,2020-03-23 20:45:29+00:00,#ฺฉุฑููุง ุฑุง ูุชููู ู ฺฉูู. ุฏุฑ ููฺฉ ุฒุฑ ุงุทูุงุนุงุช ูุงุจู ุชูุฌู ุฏุฑ ููุฑุฏ #ฺฉุฑููุง_ูุฑูุณ ุฐฺฉุฑ ุดุฏู ุงุณุช. 
162,2020-03-23 20:41:17+00:00,ู ุฎูุงู ุจุง ูุงฺฉุณู ูุงฺฉุฑู ฺูพ ูุง ุฎู ุฑุฒ ูุงุฑุฏ ุจุฏู ุชฺฉ ุชฺฉ ุชูู ฺฉูู ูุงฺฉุฑู ฺูพ ูุง ฺฉู ุจู ุดุจฺฉู ุฌูุงู ูุตู ูุดู ู ุชูุงู ูพุฑููุฏู  ูพุฒุดฺฉ ุดูุง ุฑู ุชู ุฎูุฏุด ูฺฏู ู ุฏุงุฑู ุงู ูุงฺฉุฑู ฺูพ ูุง ูุฑุงุฑู ุญุช ุซุจุช ฺฉูู ฺฉู ฺู ุงูุฑุงุฏ ูุงฺฉุณู ฺฉุฑููุง ุฒุฏู ู ฺู ุงูุฑุงุฏ ูุฒุฏู ูพุดุช ูุฑูุณ  ุทุฑุญ ุฎู ุณุงู ูุฎู ุดุฏู โน๏ธ pic.twitter.com/c7HClaDWV0
163,2020-03-23 19:58:35+00:00,ูุฑูุณ #ูุฑููุง ุงุฒ ุฏุฏ ุญููุช #ุฌูููุฑ_ุงุณูุงู !
164,2020-03-23 19:22:55+00:00,ุจุงุฏ ููฺูุงู ุงู ูุดุชฺฏ ุฑู ุจุฒูู! ููุช ุฑฺฉูุฑุฏ ุจู ุณู ูููู ุจุฑุณู ุฏุฑ ุงูุณุชุง ูู ูุฑุงฺฏุฑ ูุดูุ ฺฉุฑููุง ุญุฏุงูู ุชุง ุฏู ูุงูู ุฏฺฏู ุงุฏุงูู ุฏุงุฑู ู ุงู ูุดุชฺฏ ุชุงุฑุฎ ุงููุถุง ูุฏุงุฑูุ ุชู ูุบุฒ ููู ูุฑู ฺฉู ูุฑูุณ ุงุตู #ุฎุงูููโุง ูุณุชุด! โโ๐ #KhameneiVirus
165,2020-03-23 19:10:34+00:00,"ุงู ูุฏู ูพูุงูู ุงุณุช ุงุฒ ุทุฑู ููุณุฑ ูุฎุณุช ูุฒูุฑ ูุงูุงุฏุง ูู ูุจุชูุง ุจู ููุฑูุณ ูุฑููุง ุดุฏู: โซ๏ธ""ุงูู ูพูุงู ุจุฑุงู ุชูุงู ูุณุงูู ุงุณุช ูู ูููุฒ ูุณุงููู ุฑุงุฌุฏูู ูููฺฏูุฑูุฏ. ูู ุจุง ุงูู ุฏู ูููู ูู ุฏุฑ ุจููู ุงู ุงุณุช ููุณ ูููุดูโฆ https://www.instagram.com/p/B-Fl5L7pEUlOFlZ_kt4EKd_jJjrjKNLYPCpq2k0/?igshid=1s4en5egvxxd3"
166,2020-03-23 17:54:26+00:00,#ุขูุฑฺฉุง_ูฺฏุงู_ุงุฒ_ุฏุฑูู#ฺฉุฑููุง_ูุฑูุณ##COVIDIOTS #coronavirus
167,2020-03-23 17:27:02+00:00,ุชููุง ุฑุงู ูุจุงุฑุฒู ุจุง ฺฉุฑููุง ูุงูุฏู ุฏุฑ ุฎุงูู ุณุช ฺุฑุงุ ฺูู ุจุงุฏ ุงุฒ ฺฏุณุชุฑุด ูุฑูุณ ุฌููฺฏุฑ ฺฉุฑุฏ ุงูุง ุนููุง ุฏุงุฑู ฺฉูฺฉ ุจู ุงูุชุดุงุฑ ูุฑูุณ ูฺฉูู ุฏุฑ ููุงุจู ฺูู ุฌุงููุฑุงู ุชููุง ุฑุงู ุดูุฑุด ู ุจุฑุงูุฏุงุฒุณุช #KhamaneiVirus
168,2020-03-23 16:15:45+00:00,ูุตุจ ููุงุฑ ุฎุทุฑ ุฏุฑ ูุญู ุจุงุฒ ฺฉูุฏฺฉุงู ุจู ุฏูู ุดูุน #ูุฑูุณ_ฺฉุฑููุง - ูุดูุฏ #streetphotography #COVIDIOTS
169,2020-03-23 13:13:48+00:00,ุชุณุช ุขููุงู ฺฉุฑููุง ูุฑูุณ ุฏุฑ ุฎุงูู ูุณุฑ ุดุฏ + ูุดุงู ุงูุชุฑูุช https://bibazar.ir/2020/03/%d8%aa%d8%b3%d8%aa-%d8%a2%d9%86%d9%84%d8%a7%db%8c%d9%86-%da%a9%d8%b1%d9%88%d9%86%d8%a7-%d9%88%db%8c%d8%b1%d9%88%d8%b3-%d8%af%d8%b1-%d8%ae%d8%a7%d9%86%d9%87-%d9%85%db%8c%d8%b3%d8%b1-%d8%b4%d8%af/
170,2020-03-23 12:54:19+00:00,ฑ)ฺุฑุง ูุฑุงูุณู ฺฉู ุฎูุฏุด ุชุง ฺฏุฑุฏู ุฏุฑ ฺฉุฑููุง ุฏุณุช ู ูพุง ูุฒููุ ู ุณุงุจูู ุงุฑุณุงู ุฎูููุง ุขููุฏู ุจู ุงุฐุฑ ุฑุง ุจู ฺฉุดูุฑ ูุง ุฏุงุฑู!ุ ุจุงุฏ ุจุฑุง ูุง ุชู ูพุฒุดฺฉ ุจูุฑุณุชูุ! ุฏูุด ุจู ุญุงู ูุง ูุณูุฒูุ! ุงูุง ุชู ูพุฒุดฺฉ ูุณุชูุฏ ุง ุชู ุฌุงุณูุณ ุจุฑุง ุจุฑุขูุฑุฏ ูุชุงุฌ ูุฑูุณ ุงุฑุณุงู ู ุตุฏูุงุช ุจูููฺฺฉ ุขูุ! ุงุฏุงูู... #KhameneiTheGreat
171,2020-03-23 12:31:16+00:00,ุขฺุงูุณ ูุถุง ุงุฑููพุง ุจู ุฏูู ุดูุน ูุฑูุณ ฺฉุฑููุง ูุญุฏูุฏุช ูุง ูุณุงูุฑุช ุงุฌุงุฏ ฺฉุฑุฏ ูุฏุฑ ฺฉู ุขุฒุงูุณ ูุถุง ุงุฑููพุง ุฏุฑ ฺฏูุช ู ฺฏู ุงุฎุฑุด ุจุงู ฺฉุฑุฏ ฺฉู ุขฺุงูุณ ูุถุง ุงุฑููพุง ุฏุฑ ุฑุงุณุชุง ูุจุงุฑุฒู ุจุง ุงุซุฑุงุช ููู ูุฑูุณ ฺฉุฑููุง ุงูุฏุงูุงุช ูุงุทุน ุฑุง ุงูุฌุงู ุฏุงุฏู ุงุณุช...ุฏุฑ ุจุงุฑุชุฒ ุจุฎูุงูุฏ https://bit.ly/2xU3gHN
172,2020-03-23 12:20:12+00:00,ุณุฏ ุนุจุฏุงููู ุฒุงูู ฺฉ ุงุฒ ุณุฑุฏุจุฑุงู ุฎุจุฑฺฏุฒุงุฑ ูุงุฑุณ ุจุฑุงุซุฑ ุงุจุชูุง ุจู ูุฑูุณ #ฺฉุฑููุง ุธูุฑ ุงูุฑูุฒ ุฏุฑ ุจูุงุฑุณุชุงู ุจููโุงููู ุชูุฑุงู ููุฑุฏ #KhameneiVirus
173,2020-03-23 11:03:17+00:00,ุชุงุฒู: ุฏ ุงูุบุงูุณุชุงู ุฏ ุนุงู ุฑูุบุชุง ูุฒุงุฑุช: ฺฉุฑููุง ูุฑูุณ ูพู ููุงุฏ ฺฉ ูพู ุฎูพุฑุฏู ุฏุ ุฎูฺฉโ ุจุงุฏ ุฌุฏู ูฺซฺผู. ุฒููฺ ุบฺ ุชู ูพุงู ููโฺฉฺู.
174,2020-03-23 09:49:36+00:00,ุชุนุทู ฺฉุงุฑุฎุงููโูุง ุณุงูุณููฺฏ ู ุงู ุฌ ุฏุฑ ููุฏ ๐บุจุง ุดูุน ฺฏุณุชุฑุฏู ูุฑูุณ ฺฉุฑููุง ุฏุฑ ุงฺฉุซุฑ ููุงุท ุฌูุงู ุฏู ุดุฑฺฉุช ฺฉุฑูโุง ุงู ุฌ ู ุณุงูุณููฺฏ ูุฌุจูุฑ ุจู ุชุนุทู ฺฉุงุฑุฎุงููโูุง ุฎูุฏ ุฏุฑ ฺฉุดูุฑ ููุฏ ุดุฏูุฏ. 
175,2020-03-23 09:34:25+00:00,ุตุจุญ ุงุฒ ุฎูุงุจ ุจุฏุงุฑ ุดุฏู ุฏุฏู ุจุงุจุงู ู ูุงูู ฺฏุฐุงุดุชู ฺฉูุงุฑ ุจุงูุดุชู ู ุจู ุฏูู ุชุนุทู ฺฉุณุจโูฺฉุงุฑ ุจุงุจุช ูุฑูุณ ฺฉุฑููุงุ ูุงฺุงุฑ ุจู ุชุนุฏู ูุฑุฒูุฏ ุดุฏู ู ุถูู ุชุดฺฉุฑ ุงุฒ ุจุฎูุฑ ุจุฎูุงุจู ุชู ุงู ฺูุฏ ุณุงู ููู ุงุฒ ุฎููู ุงุฎุฑุงุฌ ฺฉุฑุฏู.๐๐ (ุงูู. ูพ. ุฎ. ุฏุงู)
176,2020-03-23 09:29:32+00:00,ุงุจูุงููุถู ุจูุฑุงู ูพูุฑ ฺฉุงุฑุดูุงุณ ูุฑุขู ฺฉู ุฏุฑ ุชููุฒูู ุชูุตู ฺฉุฑุฏ ูุนุชุฑุถุงู ุขุจุงู ูุงู ุจุงุฏ ุฏุฑ ุฒูุฏุงู ุดฺฉูุฌู ู ุฒุฌุฑ ฺฉุด ุดููุฏ ุจุฑ ุงุซุฑ ุงุจุชูุง ุจู ูุฑูุณ ฺฉุฑููุง ุจ ุฏุฑฺฉ ูุงุตู ุดุฏ. #KhameneiVirus
177,2020-03-23 09:06:01+00:00,ุชููุง ุงูุฏ ูุง ุจุฑุง ุนุจูุฑ ุงุฒ ุงู ุจุญุฑุงู #ูุฑูุณ_ฺฉุฑููุง ุงุณุชุฌุงุจุช ุฏุนุงูุง ุฑูุจุฑูููู #KhameneiTheGreat
178,2020-03-23 08:57:16+00:00,ูุฌุฑ ูุนุฑูู ุตุฏุง ู ุณูุง ฺฉุฑููุง ุดุฏ ุฑุฆูุณ ุฑูุงุจุท ุนููู ุตุฏุง ู ุณููุง ุฏุฑ ุชูุช ุงุฒ ุงุจุชูุง ุฎุงูู ุฏฺฉุชุฑ ูุฑุณุฏ ุจู ูุฑูุณ #ฺฉุฑููุง ุฎุจุฑ ุฏุงุฏ #KhameneiTheGreat
179,2020-03-23 08:56:02+00:00,ุฏุฑ ูููโฺฏุฑ #ูุฑูุณ_ฺฉุฑููุง ุจุณุงุฑ ฺฏูุชู ูโุดูุฏ ยซWash your handsยป ุฎูุจ ุญุงูุง ุงฺฏุฑ W ู U ู Han ุฑุง ุงุฒ ุฏุงุฎู ฺฉููุงุช ุจุงูุง ุงูุชุฎุงุจ ฺฉูู ฺู ูโุดูุฏุ ยซWuhanยป ฺฏุฑูุชุ ุดูุฑ ฺฉู ูุฑูุณ ุฑุง ูพุฎุด ฺฉุฑุฏ! ุญุงูุง ุจู ฺู ุฒุจุงู ุจูุฏุ ุงูฺฏูุณ. ฺู ฺฉุดูุฑ ุงูฺฏูุณ ุญุฑู ูุฒูุฏุ ุงูุฑฺฉุง! ููุจุน ูุฑูุณ.. ูโฺฏุฑุฏ ูุทูุจ ุฑุง ุง ููุุ
180,2020-03-22 08:10:57+00:00,ุดูุง #ุขูุฑฺฉุง/ูุง ูุชูู ูุณุชุฏ #ูุฑูุณ_ฺฉุฑููุง ุฑุง ุดูุง ุชููุฏ ฺฉุฑุฏูโุงุฏุ ููุฏุงูู ฺูุฏุฑ ุงู ุงุชูุงู ุญูู ุงุณุชุ ููุช ุงู ุงุชูุงู ุงุณุช ฺฉุฏุงู ุนุงูู ุจู ุดูุง ุงุนุชูุงุฏ ูฺฉูุฏ
181,2020-03-18 22:32:44+00:00,#ุฏุงูุดฺฏุงู_ฺฉูุจุฑุฌ ุชูุงู ทฐฐ ุนููุงู ฺฉุชุงุจ ุขููุงู ุจุง ูุฑูุช HTML ุฎูุฏ ุดุงูู ููุถูุนุงุช ู ุฑุดุชูโูุง ูุฎุชูู ุฑุง ุจู ุทูุฑ ุฑุงฺฏุงู ุฏุฑ ุฏุณุชุฑุณ ุนููู ูุฑุงุฑ ุฏุงุฏ @Cambridge_Uni ุงู ุชุตูู ุจู ุนูุช ุดูุน ูุฑูุณ #ฺฉุฑููุง ฺฏุฑูุชู ุดุฏู ู ุชุง ุขุฎุฑ ู ฒฐฒฐ ุฏุฑ ุฏุณุชุฑุณ ุฎูุงููุฏ ุจูุฏ ููฺฉ ุฏุณุชุฑุณ: https://www.cambridge.org/core/what-we-publish/textbooks##ุฏุฑุฎุงูู_ููุงูู
182,2020-03-17 16:24:56+00:00,#ุญูุงุด_ุณุงุณ โช๏ธุฏุงุนุด ุงุฒ ุชุฑูุฑุณุช ูุง (ูุฑููุง ุฎูุฏ) ุฎูุงุณุชูุ ฺฉู ุจู ุนูุช ุดูุน ูุฑูุณ ฺฉุฑููุง ุจู ุงุฑููพุง ุณูุฑ ูฺฉููุฏ โช๏ธุนุฏูโุง ุจุง ุชุฌูุน ุฏุฑ ููุงุจู ุฏุฑุจโูุง ุญุฑูุ ุงูุฏุงู ุจู ุดฺฉุณุชู ุจุฎุด ุงุฒ ุฏุฑุจ ุณุงุนุช ุญุฑู ฺฉุฑุฏูุฏ ู ูุณุจุช ุจู ุชุนุทู ุญุฑู ุงุนุชุฑุงุถ ฺฉุฑุฏูุฏ. pic.twitter.com/CbdWgghlzm
183,2020-03-15 20:26:19+00:00,Washing my hands cause I want to stay clean ๐๐คฃ๐ช @WWERomanReigns @WHO #CronaVirus #COVIDใผ19 #COVID19 #roman_reigns #wwe #B2R #ฺฉุฑููุง #ูุฑูุณ_ฺฉุฑููุง #ุจุงุฏูุฌูู
184,2020-03-15 11:20:28+00:00,ุงูุถุงุน ู ูุญุดุชูุงฺฉโุชุฑ ูุดู ุชุง ุฏุฑูุฒ ูโฺฏูุชู ฺฉุฑููุง ุชุง ฺฉ ูุชุฑ ูุงุจู ุงูุชูุงููุ ุจุนุฏ ฺฏูุชู ุชุง ดูุชุฑ ุจุนุฏ ฺฏูุชู ณฐุฏููู ุชู ููุง ููููู ุงูุฑูุฒ ููุงูู ฺุงูพ ุดุฏ ู ุฏุงูุดููุฏุง ฺฉุดู ฺฉุฑุฏู ูุฑูุณ ฺฉุฑููุง ุชูุงูุง ุฏุงุฑู ุญุช ุงุฒ ุฏุฑู ุฎูููโูุง ุจุงุฏ ุชูุ ุฏุฑู ูุงุจููู ุฑู ุจุงุฒ ฺฉูู ู ุชู ุฏฺฏ ุณุจ ุฒูู ูุงฺฉุงุฑูู ุฑู ุจุฎูุฑู!! ๐
185,2020-03-12 20:56:14+00:00,ุงูฺฏูุณ ูุฑุฏูุด ุงุนุชุฑุงุถ ุฏุงุฑู ุฏููุชุดูู ูุฑูุณ ฺฉุฑููุง ุฑูโ ุฏุณุช ฺฉู ฺฏุฑูุชู ุงูุฌุง ุฏููุช ูุนุชุฑุถู ูุฑุฏู ุงุตู ุจู ูุดููฺฏุงูุดููู ูฺฏุฑูุชู ฺฉุฑููุง ุฑู ๐ ูู ฺฉูู ุดูุงู ูุณุชู ุฒุจุงูุณุช
186,2020-03-12 13:48:43+00:00,ฺฏูุงู ธด ุฏุฑุตุฏ ูุฑูุณ ฺฉุฑููุง ูุงุฒูุฏุฑุงู ฑต ุฏุฑุตุฏ ูุฑูุณ ฺฉุฑููุง ุชูุฑุงู ดฐ ุฏุฑุตุฏ ูุฑูุณ ฺฉุฑููุง ูู นธ ุฏุฑุตุฏ ูุฑูุณ ฺฉุฑููุง ูุฑฺฉุฒ ฑต ุฏุฑุตุฏ ูุฑูุณ ฺฉุฑููุง ุงุฑุงู ธฑด ฺฉุดุชู ุฏุงุฏู ุชุง ุงูุงู ู ณ ุจูุจูุฏ ุงูุชู
187,2020-03-12 10:07:19+00:00,". ุนุจุงุฑุช"" ุงุฒ ุฎููู ุจุฑูู ูุฑุฏ"" ุงุฒ ุณู ุณุชุงุฏ ูุจุงุฑุฒู ุจุง ูุฑูุณ ฺฉุฑููุง ุฏุฑ ุญุฏ ฺฉ ูพุดููุงุฏ ุจู ูุฑุฏู ฺฏูุชู ุดุฏู ูู ุฏุฑ ุญุฏ ฺฉ ูุดุฏุงุฑุ ุจุฑุง ููู ุงุณุช ฺฉู ูุฑุฏู ุฌุฏ ูฺฏุฑูุชูุ ฺฏุงู ุงููุงุช ุจุฑุง ุญูุธ ุฌุงู ูุฑุฏู ุจุงุฏ ุขู ุฑุง ุชุฑุณุงูุฏุ ุชุฑุณ ุงุฒ ฺฉ ุญุงุฏุซู ูุฑุจ ุงููููุน"
188,2020-03-11 18:43:35+00:00,"#ูุฑูุณ_ฺฉุฑููุง_ุงุฒ_ุนุฐุงุจูุง_ฺฉูุชุฑ ""ุง ุฌูุงุนุช ุนุฌู ู ุนุฑุจ ุงุฒ ุฎุฏุงููุฏ ูุงุญุฏ ููุงุฑ ุจู ุณู ุงู ุจฺฏุฑุฒุฏ ฺฉู ุณุงุฑู ุนุฐุงุจ ูุฒุฏฺฉ ุดุฏ...ุฎุฏุงุง ุงุจูุงุบ ฺฉุฑุฏูุ ุฎุฏุงุง ุดุงูุฏ ุจุงุด .."" https://www.nasser-yamani.com/showthread.php?30823 ูุงู ููุชุธุฑ ุฅูุฑุงู ูู ุตูุนุงุก ุงูุญูุซู ููุฑูุณ ูุฑููุง ุงูุณุนูุฏูุฉ"
189,2020-03-11 18:42:06+00:00,"#ูุฑูุณ_ฺฉุฑููุง_ุงุฒ_ุนุฐุงุจูุง_ฺฉูุชุฑ ""ุฎููู ุฎุฏุงููุฏ ููุฏ ููุชุธุฑ ูุงุตุฑ ูุญูุฏ ูุงู ุจุฑ ุถุฏ ุฏุดูู ุฎุฏุงููุฏ ุฏููุงูุฏ ุชุฑุงููพ ุดุทุงู ุงุนูุงู ุฌูฺฏ ูโฺฉูุฏ .."" ุงูุฅูุงู ูุงุตุฑ ูุญูุฏ ุงูููุงูู 23 - 12 - 2018 ูู ฒ-ุฏ-ฑณนทู.ุด. https://www.nasser-yamani.com/showthread.php?p=299982 *+* ูู ุงูุฑุงู ูุงู ููุชุธุฑ ุตูุนุงุก ุงูุญูุซู ููุฑูุณ ูุฑููุง"
190,2020-03-10 21:57:17+00:00,"#ูุฑูุณ_ฺฉุฑููุง_ุงุฒ_ุนุฐุงุจูุง_ฺฉูุชุฑ ""ูุฑูุณ ฺฉุฑููุง ุงุฒ ุนุฐุงุจูุง ุฎููุชุฑ ู ูุฒุฏฺฉุชุฑ ูุจู ุงุฒ ุนุฐุงุจ ุจุฒุฑฺฏ ุงุณุช ุดุงุฏ ุจุงุฒฺฏุฑุฏูุฏ... "" 05-03-2020ู https://www.nasser-yamani.com/showthread.php?p=324264 ูุฑูุทูู ฺฏูุงู ฺฉุฑููุง ูู ุงูุฑุงู"
191,2020-03-09 11:35:32+00:00,#ุจุง_ุงุฌุงุฒู_ูุฑุฏู #ูุฑููุง #ูุฑููุง_ููุฑูุณ #ููุฑูุณ_ูุฑููุง #ุจุงุจู #ุฌูุงูุงู_ุจุงุจูู #ูุณุฌุฏ_ุฑุถูุงููุง #ุจุงุจู_ุดูุฑุจูุงุฑูุงุฑูุฌ #ุจูุงุฑูุงุฑูุฌ @Babol https://www.instagram.com/p/B9guv3sHBO7/?igshid=zcs7runnmu8b
192,2020-03-05 16:35:34+00:00,ูุถุนุช ุนุฌุจ ู ูุชูุงูุถ ุดุฏู _ุฏููุช ุชุนุทู ุฑูุฒ ุดูุจู ูู ุฑู ูุบู ฺฉุฑุฏ _ุณุงุนุงุช ฺฉุงุฑ ุงุฏุงุฑู ูุง ุชูุฑุงู ุจู ุญุงูุช ุนุงุฏ ุจุฑฺฏุดุช _ูุฑุฏู ุจุง ุงุณุชูุงุฏู ุงุฒ ุชุนุทูุงุช ูุฏุงุฑุณ ุจู ุณูุฑ ูโุฑููุฏ _ูุฒุฑ ุจูุฏุงุดุช ุงุฒ ูุฑุฏู ฺฏูุงู ูโฺฉูุฏ _ฺูุฏ ุงุณุชุงู ูุถุนุช ุงุถุทุฑุงุฑ ุงุนูุงู ฺฉุฑุฏูุฏ _ุฑููุฏ ูพุดุฑูุช ูุฑูุณ ฺฉุฑููุง ููฺูุงู ุงูุฒุงุด ุงุณุช
193,2020-03-04 10:39:19+00:00,Also cleaning cellphone 2 or 3 times in a day because users using the phone by gloves that they are wearing for covide 19 #coronavirusitalla #CoronaAlert #coronavirusnigeria #CoronaOutbreak #coronavirusindia #CoronavirusReachesDelhi #coronairan #ฺฉุฑููุง_ูุฑูุณ #ฺฉุฑููุง #ูุฑููุง_ุงููููุช
194,2020-03-03 07:25:30+00:00,. ุงูุญูุฏ ุงููู ูุฑูุณ ฺฉุฑููุง ููุฌุจ ุดุฏ ุชุง ุจูููู ูุฑ ุชู ฺฉูุฑ ฺฉุงุฏุฑ ูพุฒุดฺฉ ู ุฏุฑูุงู ฺฉุดูุฑ ูู ุขูุงุณฺฉุง ุงุณุชุ ุถูู ุชุดฺฉุฑ ูุณูพุงุณ ุงุฒ ุงู ูุดุฑ ูุฏุงฺฉุงุฑ ุจุงุฏ ุนุฑุถ ฺฉูู ฺฉู ุงู ฺฉุงุฑ ฺฏูุงู ุงุณุชุุงูุชุดุงุฑ ุงู ุฑูุต ูุง ูู ฺฏูุงู ุงุณุชุ ูุฒุงุฑุช ุจูุฏุงุดุช ุนูุงูู ุจุฑ ุจุฑุฎูุฑุฏ ุจุง ุงู ุฑููุ ุฏูุจุงู ุฑุงูฺฉุงุฑูุง ุจูุชุฑ ุจุฑุง ุฑูุญู ุฏุงุฏู ุจู ููุช ุจุงุดุฏ 
195,2020-02-28 06:09:01+00:00,ุฏูุณุชุงู ฺฏุฑุงู ุชูุฌู โ ููุช ุฏุณุชุงุชูู ุฑู ฒฐุซุงูู ุจุง ุขุจ ู ุตุงุจูู ูุดูุฑุฏ ฺฉู ูุฑูุณ ฺฉุฑููุง ุงุฒ ุจู ุจุฑู . ุฎูุงูุดุงู ุจุง ูพุดุช ุดููุงุฑ ููุจุงุณุชูู ุฎุดฺฉ ูฺฉูุฏ... ุงู ูุทูุจ ุฑุง ูุฒุงุฑุช ุจูุฏุงุดุช ุงุฏุด ุฑูุชู ุจู ุจฺฏู...๐โ
196,2020-02-27 10:14:06+00:00,ุดูุน ูุฑูุณ ฺฉุฑููุงุุชุฎูู ุฎูุงุจฺฏุงููุงุุชุนุทู ฺฉุชุงุจุฎุงูู ูุงุุณู ู ุฏุฑฺฏุฑ ุดุฏู ุดูุฑูุง ู ุงูุฑุงุฏ ูุจุชูุง ุจู ูุฑูุณุุนุฏู ุชูุฑฺฉุฒ ุงูุฑุงุฏ ุฌูุช ูุทุงูุนู ุขุง ูุจุงุฏ ฺฉูฺฉูุฑ ฺฉุงุฑุดูุงุณ ุงุฑุดุฏ นน ุฑุง ุจู ุชุนูู ุจุงูุฏุงุฒุฏุ ุงฺฏู ฺฉูููุฑ ูุณุชู ููฺฉ ุฒุฑ ุฑู ุงูุถุง ฺฉูุฏ https://my.farsnews.ir/c/18892 #ฺฉูฺฉูุฑ_ุงุฑุดุฏ_นน
197,2020-02-26 21:07:16+00:00,ุดูุงุฑ ูุจุชูุงุงู ุจู ูุฑูุณ ฺฉุฑููุง ุฏุฑ ุขูุฑฺฉุง ุงูุฒุงุด ุงูุช โฆ๏ธูุฒุฑ ุจูุฏุงุดุช ุขูุฑฺฉุง ุงุฒ ฺฉุดู ฑต ููุฑุฏ ุฌุฏุฏ ุงุจุชูุง ุจู ูุฑูุณ ฺฉุฑููุง ุฏุฑ ุงู ฺฉุดูุฑ ุฎุจุฑ ุฏุงุฏ โฆ๏ธูพุด ุงุฒ ุงู ุฏุฑ ุขูุฑฺฉุง ตท ููุฑ ูุจุชูุง ุจู ูุฑูุณ ฺฉุฑููุง ุซุจุช ุดุฏู ุงุณุช.#ุชููู_ฺฉุฑููุง #ููู_ุจุง_ูู_ุนูู_ฺฉุฑููุง
198,2020-02-20 03:41:44+00:00,ุฎุจุฑ ูพุฎุด #ูุฑูุณ_ฺฉุฑููุง ุฏุฑ ุงุฑุงู ๐นูุจู ุงุฒ #ุงูุชุฎุงุจุงุช ูุฑูุณ ฺฉุฑููุง ๐นูุจู ุงุฒ ุฑุงููพูุง ฒฒ ุจููู ูุฑูุณ ฺฉุฑููุง ฺุฑุง ุชู ููู ุงุชูุงูุงุช ููู ู ุฌูุน ฺฉุดูุฑ ุงู ูุฑูุณ ูุณุชุ ฺุฑุง ุชุง ุงูุงู ฺฉุณ ุงุฏุด ูุจูุฏ ฺฉู ฺฉุฑููุง ุงู ูุณุชุ ุงุตูุง ฺุฑุง ุงุฒ ฒฒ ุจููู ุชุง ุญุงูุง ูฺ ุฎุจุฑ ุฏุฑ ุงู ุฑุงุจุทู ูพุฎุด ูุดุฏุ ุฏุณุช ุจ ุฏุงูู ูุฑูุณ ุดุฏู๐ถ
199,2020-02-19 21:43:14+00:00,ุจุงุณุช ุงู ุจูุงุฑุงู ูุจุชูุง ุจู #ูุฑูุณ_ฺฉุฑููุง ุฑุง ุจุจุฑูุฏ ุจุง ูุฑุงุฌุน ุนุธุงู ูุงููุฏ #ูฺฉุงุฑู_ุดุฑุงุฒ ู #ุณุจุญุงู ู #ููุฑ_ููุฏุงู ู ุงูุซุงููู ูุตุงูุญู ฺฉููุฏ ุชุง ุฏู ูุณุญุง ุขููุง ุงู ุจูุงุฑุงู ุฑุง ุดูุง ุจุฏูุฏ! @saeednamaki @alilarijany @Rouhani_ir @Eshaq_jahangiri #ุฌุฏ @ir_rezaee @m_bayatzanjani #ูู
200,2020-02-19 21:35:14+00:00,ุญุฏุงูู ุฏูููุชู ุทูู ูฺฉุดุฏ ุชุงุดุฎุต ูุฒุจุงู #ูุฑูุณ_ฺฉุฑููุง ุนูุงุฆู ุจูุงุฑ ุฑุงูุดุงู ุฏูุฏูุนูุงุฆูุด ุฏุฑนฐุฏุฑุตุฏ ููุงุฑุฏูุฎู ูุณุช ูฺฏุฑุงู ุงูุฌุงุณุช ฺฉู ุฏุฑุงู ูุฏุช ูุฑุจุงูุงู #ฺฉุฑููุง ุฏุฑ #ูู ุจุงฺูุฏููุฑ ุฏุฑุงุฑุชุจุงุท ุจูุฏูุฏุ ุจู ฺฉุฌุงูุงุฑูุชูุฏุ #ูุฒุงุฑุช_ุจูุฏุงุดุช ฺฉ ูุชูุฌู ุดุฏุ ุขุง #ุฎุทุง_ุงูุณุงู ุฏฺฏุฑ ุฑุง ุดุงูุฏุฎูุงูู ุจูุฏุ #cronavirus
201,2020-02-19 20:50:27+00:00,ูุฑูุฏ ูุฑูุณ ฺฉุฑููุง ูู ุจู ุงุฑุงู ุฑุณูุง ุชุงุฏ ุดุฏ ูู ูฺฏุฑุงู ูุจุงุดุฏ ุงู ฺฉู ุงููุฏู ุงุฑุงู ุฏุฑุฌู 2ู3 ูุณุช ุฏุฑุฌู ฺฉุงุดู ูุฑุณุชุงุฏู ุงูุฑฺฉุง ู ฺฉุงูุงุฏุง ู ุงูฺฏูุณ ๐ @fu
202,2020-02-19 20:27:20+00:00,ุณุฎูฺฏู ูุฒุงุฑุช ุจูุฏุงุดุช: ฺฉ ุงุฒ ุฏู ุจูุงุฑ ูุจุชูุง ุจู ูุฑูุณ ฺฉุฑููุง ฺฉู ุฏุฑ ูู ุงูุฑูุฒ ููุช ุดุฏ ุฌุงูุจุงุฒ ุดูุง ุจูุฏ 
203,2020-02-19 18:30:30+00:00,ุขูุง ุจุง ุงููุฏู ูุฑูุณ ฺฉุฑููุง ุชุตูู ฺฏุฑูุชู ูุฑฺุฒ ฺฉู ุฏฺฏุฑุงู ุจูุด ูฺฏู ฺฉุงุฑ ุฎูุงู ุฑุง ุงูุฌุงู ุจุฏู ฺฉู ุงูุจุชู ูฺฉ ฺฉูู ุจุดุชุฑ ูุฐุชูุ ุจฺฉุด ุจุฑ ุงูู ุจุงูุงูุง๐ #koronavirus
204,2020-02-19 17:23:20+00:00,ุงุญุชูุงู ุงุจุชูุง ุงุทุฑุงูุงู ฒ ุจูุงุฑ ููุช ุดุฏู  ูุจุชูุง ุจู #ฺฉุฑููุง ุฒุงุฏ ุงุณุช ุนุถู ฺฉูุชู ฺฉุดูุฑ ุจูุงุฑ ูุง ุนููู ูุฒุงุฑุช ุจูุฏุงุดุช: ููุช ุฏู ููุฑ ุจู ุนูุช ุงุจุชูุง ุจู ูุฑูุณ ฺฉุฑููุง ูุดุงู ูโุฏูุฏ ฺฉู ุงูุฑุงุฏ ุฏฺฏุฑ ุงุฒ ูุฒุฏฺฉุงู ุขููุง ูุฒ ุจู ุงู ูุฑูุณ ูุจุชูุง ุดุฏูโ ู ุจุงุฏ ูุฑูุทูู ุดููุฏุ ุชุนุฏุงุฏ ุจูุงุฑุงู ุงุญุชูุงูุง ุจุดุชุฑ ุงุณุช. 
205,2020-02-19 16:22:18+00:00,ูุฒุงุฑุฉ ุงูุตุญุฉ ุงูุฅูุฑุงููุฉ ุชุคูุฏ ููุงุฉ ูุฑูุถูู ุจููุฑูุณ #ููุฑููุง ูู ูุฏููุฉ #ูู #coronavavirus #ููุฑูุณ_ููุฑููุง #ููุฑููุง #ูุฑูุณ_ฺฉุฑููุง 
206,2020-02-19 15:31:14+00:00,ุตุจุญ ุงุนูุงู ฺฉุฑุฏู ุฏู ููุฑ ุชู ูู ูุฑูุณ ฺฉุฑููุง ฺฏุฑูุชู. ููโูุด ุณุงุนุช ุจุนุฏ ุงุนูุงู ฺฉุฑุฏู ุงูู ุฏู ููุฑ ููุช ฺฉุฑุฏู:))) ุงู ูุฒุฏฺฉ ุงุฎุชูุงู ุฏุฑ ุงุจุชูุง ูโ ูุฑฺฏ ููุท ุชู ุงุฑุงู ูุงุจู ุชูุฌุญู.
207,2020-02-19 14:59:23+00:00,ููู ุฎุจุฑ ูุฑูุณ ฺฉุฑููุง ุจุฑุง ฺฏุฑูู ู ุขุดูุจ ฺฉุงูู
208,2020-02-19 13:45:40+00:00,ุงูุฏูุงุฑู ุงู ูุฑูุณ ฺฉุฑููุง ุงุฒ ูููู ูู ุฌูุนุดูู ฺฉูู ุจุจุฑู ุจูุดุช.
209,2020-02-19 12:47:59+00:00,ูู ุฏุงุฑู ุงุฒ ูุฑูุณ ฺฉุฑููุง ูุฎููู ุงููููุช ุจุบู ุฏุณุชู ุชู ุงุชูุจูุณ ู ูุงุณฺฉ ุฒุฏู ุฑู ุตูุฑุช ู ุจุง ุฎุงู ุฑุงุญุช ุฏุงุฑู ฺฉุงูุชุฑ ุจุงุฒ ูฺฉูู ๐๐๐ ูุฑุฏู ุนุฒุฒู ุฏุฑ ููุูุทูุง ููุงุธุจ ุฎูุฏุชูู ุจุงุดู #ูู #ฺฉุฑููุง #ูุฑูุณ
210,2020-02-19 11:11:00+00:00,ููู ุงฺฏู ูุฑูุณ ฺฉุฑููุง ุจูุฏู ุงูู ุงุฒ ูู ุดุฑูุน ูฺฉุฑุฏู !!!
211,2020-02-18 05:25:41+00:00,ูุฑูุณ ฺฉุฑููุง ุฏูู ุขุฏูุงุฑู ูฺฉุดู ูู ุจ ูพูู ุฐุฑู ุฐุฑู
212,2020-02-17 19:00:26+00:00,ูพุงุงู ูุฑูุทูู ูุณุงูุฑุงู ุงุฑุงู #ูููุงู. ุฎูุดุจุฎุชุงูู ูฺ ฺฉุฏุงู ุงุฒ ูุณุงูุฑุงู ุงุฑุงู ุงุฒ ฺู ุขูุฏู ู #ูุฑูุทูู ุดุฏู ูุจุชูุง ุจู #ฺฉุฑููุง ูุฑูุณ ูุจูุฏูุฏ... 
213,2020-02-16 18:57:21+00:00,ุฏูุณุชุงู ุฌุงู ุฏูุณุช ุนุฒุฒู ุฏุฑ ุงูุชู ูุง ุงุฎุฑู ุจู ุงูโ ูฺฉุชู ุฏุณุช ุงูุชู ฺฉู ูุชุฑุณุฏ ูุฑูุณ ฺฉุฑููุง ุทุจู ฺูุชฺฉู ฺุงูุฒ ูพูพู ุณุงุฎุชู ุดุฏู ู ููุท ุจุฑุง ุงูู ูุง ุฎุทุฑ ูุฑฺฏ ุจู ููุฑุงู ุฏุงุฑู
214,2020-02-16 07:59:59+00:00,ูุฑูุณ ฺฉุฑููุง ุฏุฑ ุงุฑุงู๐๐ #ุฑููุฏ
215,2020-02-12 16:12:45+00:00,ุงุฏุชููู ฺฏูุชู ุจุนุฏ ุงุฒ ุงูฺฉู ูุดุช ูุญฺฉู ุฏุฑ ุฏูุงู ุงุณุชฺฉุจุงุฑ ุฌูุงู ุฒุฏูุ ุงุนูุงู ูุดู ฺฉู ูุฑูุณ #ฺฉุฑููุง ุจู ุงุฑุงู ุฑุณุฏ. ๐ 
216,2020-02-12 13:17:22+00:00,ุชูุฑุจุง ุชู ูุฑ ุดูุฑ ุงุญุชูุงู ูุฑูุณ #ฺฉุฑููุง ูุฑู ุณุฑุน ูุฒุงุฑุช ุจูุฏุงุดุช ุจุงูู ูุฏู ฺฉู ุดุงุนู ุงุณุช! ุฎู ุฒุจุฑ ู ุฒุฑูฺฏ ุดุฏู ุจฺุง ุจูุฏุงุดุช
217,2020-02-11 21:17:03+00:00,ูุงุฏุฑ ฺฉ ุงุฒ ุดุงฺฏุฑุฏุง ุชู ฺฏุฑูู ูุงูุฏู ุงููุฏู ูฺฏูโโโ : ูุดู ุงู ููุชู ุจุฎุงุทุฑ ูุฑูุณ ฺฉุฑููุง ุจฺู ูุง ูุงู ูุฏุฑุณู ุงุฎู ูู ูฺฏุฑุงูู๐๐๐ ๐ ฺฉ ูุณุช ุจฺฏู ุงู ููุชู ุจฺู ุช ูุงุฏ ููุชู ุจุนุฏ ุจุงุฏ ฺฉุฑููุง ููฺฏุฑู๐ ูุงูุตุจ ุจุฒุงุฑ ุจุงุฏ ุจุนุฏุง ุชู ูฺฏุฑุงู ุจุงุด . ููฺู ูุฎุจู ูุง ุฏุงุฑู ุชู ูููฺฉุช๐๐
